review_id,app_id,text,voted_up,playtime_minutes,timestamp,sentiment_score,label
190336444,440,"After playing this game on and off for over a decade (even though the playtime wouldn’t really suggest it), I have come to the conclusion that this game should be taken off life support, something Valve would obviously celebrate, as evidenced by complete disregard of the player base time and time again.

Team Fortress 2 is so, so painfully a product of its time, where “its time” is every single time Valve pushed out a large update. We got cosmetics (also limited-time ones, given for arbitrary reasons) and microtransactions, then matchmaking and some perverse version of achievements with rewards (Jungle Inferno contracts, anyone?) Finally, we settled on rampant cheating. If I could, I would instead write a review on Valve Anti-Cheat, but here we are…

Botting on TF2 got so bad that it was impossible to play, which is something that Valve doesn’t care about anymore if there’s profit in there somewhere. It was only after the community rallied together that Valve “fixed” the issue, but, to this day, if you play long enough and pay enough attention, you will run into more “subtle” cheaters every few games, because commercial solutions exist to cater to such audiences (see: LMAOBOX). Valve’s “anti-cheat” can be completely bypassed by existing open-source code snippets, leading us back to the point that TF2 is truly a product of its time, where basic detection techniques were good enough and everything else past that was duct-taped on top. Now, with the game being maintained by a skeleton crew, there is simply no hope of the situation ever improving. There might be further instances of grand ban waves, but, in the end, it's a war of attrition that Valve will lose.

Taking a small detour on to other things stemming from the game’s age - if you’ve played Quake about as long as TF2, you’ll be experiencing a familiar aura of “the meta must not be broken” throughout several game modes (“ye intel shalt not be capped” in CTF and “thou shalt not suck” in Mann Up), not to mention getting destroyed by players with thousands upon thousands of hours spent playing, who may or may not be cheating. Despite all that, there are always new players to be found. Bright-eyed and bushy-tailed, they try to have fun in whatever way they see fit, but the more grizzled veterans know that having newbies in your team means getting stomped in a match.

“Why?”, you ask, “doesn’t the matchmaking system use some sort of rating to balance things out? Aren’t teams rebalanced if someone leaves or joins?”

*sigh*",False,28515,1742109939,0.8735,positive
188294797,440,I love this game! I love getting sniped by veterans and actually not rage! Hehe... I love Pyro. Such psychopath..,True,130,1739998676,0.9525,positive
188033892,440,i love tf2 so so much i could tear my face off from the rage i get from this game,True,4671,1739702354,0.1531,positive
186881609,440,most rage inducing game ive ever played,False,144175,1738390863,-0.3597,negative
186358471,440,"can i get banned for making demoman say the n word in tf2 casual?
asking for a friend",True,32548,1737796644,0.25,positive
184864181,440,"pretty fucking cool


edit: dammit vac is broke rn dont get items or you will want to shoot yourself (feb 22 2025)",True,14419,1736105644,0.2247,positive
182262294,440,"[h1][i]Review[/i] [b]“Team Fortress 2”[/b] – [i]“How does it play in 2024-2025?”[/i][/h1]
[hr][/hr]
[quote=Internet Meme]“Microsoft returned to Steam. Ubisoft returned to Steam. EA returned to Steam. Activision came to Steam. Overwatch is dying. Valve does nothing and always wins.”[/quote]
[hr][/hr]
[h2]“About the Game”[/h2]
[i]-“[b]Team Fortress 2[/b] was released in 2007. At the time of my review, the game is 17 years old. It’s a class-based team shooter featuring different game modes: payload, capture the flag, king of the hill, point capture, competitive mode, and notably ‘MANN vs. MACHINE.’”

“What’s amazing is that, even today, I still want to play this game despite it being [u][b]17 years old[/b][/u]. For some reason, it creates a friendly atmosphere, even though its gameplay demands practice and skill. Surprisingly, as a gamer seeking relaxation, I wasn’t discouraged by the skill requirements.”

“I first discovered this game in my childhood through YouTube videos like ‘Meet the Team.’ The animated shorts for this game were and remain the best.”

“I also want to mention that the game is still alive thanks to the community. I think everyone has seen memes featuring characters or music from [b]‘Team Fortress 2.’[/b]”
@Popular meme with characters from Team Fortress@

https://youtu.be/OXzMdhtzhbc?si=Edd_Mizr7-v3mAuP

“To this day, a large number of fan-made videos featuring the game’s characters are being created and will continue to be.”

“[b]‘Team Fortress’[/b], specifically ‘Team Fortress Classic,’ was one of the first class-based shooters to introduce the concept of character classes and unique abilities. Of course, ‘Team Fortress Classic’ was a mod for ‘Quake.’ While it had classes, their gameplay was quite similar, and everyone carried the same weapon set. It was in ‘Team Fortress 2’ that this genre fully developed. Without it, many modern games wouldn’t exist.”

“Since I mentioned that it’s a class-based shooter requiring skill, let me explain the classes you can choose from.”[/i]
[hr][/hr]
[h2]“Meet the Team”[/h2]
[table]
[tr]
[th]
[list]

[*][h3]“Scout”[/h3]
[quote=Scout]“Um... I don't even know where to start with you. I mean, do you even know who you're talkin' to? D-Do you have any idea, any idea who I am? Oh man, that's beautiful. Heh. Ya' listenin'? OK. Grass grows, birds fly, sun shines, and brotha I hurt people. BOINK! I'm a Force-A-Nature! If you were from where I was from, you'd be [expletive] dead!”[/quote]

https://youtu.be/geNMz0J9TEQ?si=PH3Ki-55mob0kj2O

The Scout excels at completing objectives quickly. He can capture control points and push carts at twice the rate of other classes. Only the Scout has this ability naturally; the Demoman and Soldier share it only with the Pain Train equipped. His speed also makes him ideal for grabbing intelligence briefcases.
[hr][/hr]
[*][h3]“Soldier”[/h3]
[quote=Soldier]“If fighting is sure to result in victory, then you must fight! Sun Tzu said that, and I'd say he knows a little more about fighting than you do, pal, because he invented it, and then he perfected it so that no living man could best him in the ring of honor.”[/quote]

https://youtu.be/h42d0WHRSck?si=hVYwPjsB_cpmNsO2

The Soldier is a crazed, patriotic warrior from the American Midwest. Tough and well-armed, he’s versatile and a great class for beginners.
[hr][/hr]

[*][h3]“Pyro”[/h3]
[quote=Pyro]“In the video, it shows that Pyro is insanely insane. While burning a town, they imagine blowing rainbows and growing flowers (burning buildings), blowing bubbles (shooting a flare at a Scout), giving out giant lollipops (swinging an axe), and wrapping presents (trapping a Medic in a barn and setting it ablaze). Pyroland is their delusional utopia.”[/quote]

The Pyro is a mysterious pyromaniac who views their fiery destruction through a whimsical lens, as shown in Meet the Pyro.
[hr][/hr]
[*][h3]“Demoman”[/h3]
[quote=Demoman]“Prancin' aboot with your heads full of eyeballs! Come and get me I say! I'll be waiting on ya with a whiff of the 'ol brimstone. I'm a grim bloody fable... with an unhappy bloody end!”[/quote]

https://youtu.be/han3AfjH210?si=3x3GFy0bLd6JbAxi

The Demoman is a master of explosives and an essential force in any team.
[hr][/hr]
[*][h3]“Heavy”[/h3]
[quote=Heavy]“Some people think they can outsmart me. Maybe, maybe. I have yet to meet one that can outsmart bullet.”[/quote]

https://youtu.be/jHgZh4GV9G0?si=zmYS-XqOVoodU63l

The Heavy is the team’s powerhouse, capable of dishing out massive damage.
[hr][/hr]
[*][h3]“Engineer”[/h3]
[quote=Engineer]“...use a gun. And if that don't work... use more gun.”[/quote]

https://youtu.be/SNgNBsCI4EA?si=BlT5oMdsdcDI97ZL

The Engineer supports the team with strategic builds, from turrets to teleporters.
[hr][/hr]
[*][h3]“Medic”[/h3]
[quote=Medic]“Anyway, that's how I lost my medical license, heh.”[/quote]
The Medic heals and buffs teammates, keeping the team in combat longer.

https://youtu.be/36lSzUMBJnc?si=Ri4R_jYcKSfKkgni

[hr][/hr]
[*][h3]“Sniper”[/h3]
[quote=Sniper]“Be polite. Be efficient. Have a plan to kill everyone you meet.”[/quote]

https://youtu.be/9NZDwZbyDus?si=ZlhATG506RaV70zN

The Sniper is a sharpshooter who specializes in long-range takedowns.
[hr][/hr]
[*][h3]“Spy”[/h3]
[quote=Spy]
Spy: “If you managed to kill them, I assure you, they were not like me. Nothing like the man loose inside this building.”
Scout: “What're you? President of his fan club?”
Spy: “No... that would be your mother!”
[/quote]

https://youtu.be/OR4N5OhcY9s?si=Kv6_-Zd341zYJdfl

The Spy relies on stealth, cloaking, and deception, making him one of the game’s most unique classes.
[/list]
[/th]
[/tr]
[/table]

[h2]“Conclusion”[/h2]
[i]“Now that you know a bit about the characters, you’re ready to jump into battle if you’ve never played ‘Team Fortress 2’ before. And if you forgot, consider this a reminder of how cool these characters are. We welcome you back to the game.

There was a time when cheaters were rampant, but now their numbers have dropped significantly. Just in the first match, I witnessed 15 players receive VAC bans. Despite the lack of recent updates, making it seem like the game is dead, the community has kept it alive. It’s only thanks to you that the game still exists and thrives.”[/i]",True,5971,1733672809,0.9552,positive
180469330,440,"I previously left a positive review, but when I thought about it more I will leave negative one, even though I love this game.
why? because last major update was almost 8 years ago, and only updates we are geting are more cosmetics that you need to pay for, that Valve didn't even made, but the community did and for ~4 years this game was filled with bots that made this game impossible to play, and they banned bots and bot hosters only when there was risk of boycott.",False,22177,1732806828,-0.7322,negative
180345643,440,"Got vac banned for injecting cheat engine into the game when i was 9 or 8 years old, but either way, 10/10 game.",True,40065,1732788284,-0.4588,negative
178414887,440,Cheaters are everywhere wish the developers would enforce hardware ban. Bed wetting losers.,False,33499,1730764222,-0.802,negative
177492385,440,Finally No Hacker Bots Thanks TF2 Community.,True,20843,1729551707,0.1779,positive
176185586,440,"Team Fortress 2 is one of my favorite games and hat simulators of all time. It's not really much of a secret, given how many hours I've gotten in it plus the fact I've been playing it for over 10 years (although it was a while before I had a computer that could run it very well). It is more than just a game; it is a whole experience.

The gameplay is very addictive. The gunplay and counters feel just right, and no two classes play the same (which can't be said for some modern hero shooters). Team Fortress 2 showed that you only needed 9 classes maximum, instead of 20 or so. There are crates and microtransactions sure, but they aren't exactly forced upon you; you can simply get free item drops by just playing the game on servers (at least if they are secure VAC-enabled ones). A lot of the maps are very memorable; 2Fort, Dustbowl, Badwater etc. and a dozen of community created maps that would be too much to list here. Even with (non-cheating) singleplayer bots, the game is still very fun.

Personality and style wise, TF2 had the best a shooter game could ever have. The classes are all fun to witness, and even 17 years later they still feel irreplaceable, with perfect voice acting and beyond memorable and hilarious dialog. It's not like some other games where they are just generic, too. Each class was designed with shapes and silhouettes in mind, creating easily identifiable looks (i.e. if someone is outlined behind a wall, you could tell which class it is even from afar). The art-style of the game, inspired by J.C. Leyendecker, really made it timeless, and it still looks good to this day; an incredible feat for a game from 2007, a time when most games went for a muddy realistic look (a large portion of which haven't aged well visually). TF2 went for a heavily researched mixture of being cartoony and grounded, and it worked very, VERY well. It's not like some modern cartoony shooters that don't have reason behind the style, because this one does. There is also a story that is not forced upon you, being told through item descriptions, map objects, comics and shorts. It is wacky and adds a lot more to the game's world.

Now sure, the game has had its rough times. The Meet Your Match update was an attempt at making TF2 appeal to the e-sports scene, when really it was a game that you could pick up and just... play (hence why Quickplay was a thing). There was (currently remedied) also the botting crisis that lead to all sorts of different things (drama, campaigns, review bombings etc.). None of these affect my opinion on the game itself, however. You don't HAVE to play on Casual and Competitive; you can make your own server or join community ones. I only have minor criticisms with some weapon balancing decisions and bugs, but they aren't enough to lower my thoughts on the game. I do also wish that the classes had more unique lines for interacting with each other, rather than them being stuck to domination lines (think Left 4 Dead 2 or even Overwatch, where characters would refer to each other by name and talk if nearby).

I feel this review was long, long overdue (10 years overdue, even). I never really made serious reviews until now, but I figured I'd finally do so. Team Fortress 2 is not only one of the most important shooters, but also one of the most important games alone to me. It's a game that will never die to me, because even if the official servers shut off, you can still host your own and get others to join or play with singleplayer bots. Even playing with stock weapons is still fun. I'll probably still be playing in a decade or more from now. It just never gets old, even 17 years later.",True,76519,1727824367,0.9975,positive
175990300,440,"VALVUE
ADD THIS IT WILL BE SO FUNNY

IF A CHEATER IS CAUGHT USING CHESTING IN-GAME (TURN THE CHEATER INTO A POOTIS CHICKEN) THEN THEY WILL GET A COAL FOR Smissmas. Then banned from tf2",True,2871,1727573702,-0.8643,negative
175221450,440,"I'm not gonna blurb the whole history, but basically 7 years ago they removed a bunch of skill ceilings, ruining lots of guns and playstyles making previous sidegrades straight up or downgrades. Pyro got a bunch of nonsense which they've helped a little with (flame hitbox was mad broken). Then the updates stopped, and 4 years later or even sooner it was a bot infested hellscape you couldn't hope to play on official servers. They've done ban waves now so in that aspect it's playable again. Matchmaking hasn't been touched since release though so hope you don't mind putting 200hrs in to get the basics and researching playstyles/mechanics. 
   Even with all that there's lots to enjoy here. A shooter where firefights are more than a milisecond, unique playstyles, gamemodes, and communites. It's a game where you experience is what you make of it, like movement shooters? Play an explosives, scout, hell wrangler engie. More of a point and click? Sniper and spy will have you covered. Want a hero shooter less based in moba mechanics? Here you are. All the weapons are free, and for many there's even money to be made (hense bot crisis). If you're going to give it a shot, do your homework first and you'll have a wayy better time. I still probably consider this my favorite game, it's just gotten too disheartening playing in this state. This game introduced me to pc games and I'll always love it deeply, but please don't spend money on it. I need to see valve give more than half a shot to put my heart into it again.",False,61021,1726638469,0.4999,positive
174312217,440,"let me preface this by saying that i love this game.

however, the performance is terrible on my current pc, despite using mastercomfig. i've run this game on a potato in the past with better performance and frankly i'm at my wit's end. a game released in 2008 shouldn't run like this, ever.

one more thing: this game is infested with edgy and obnoxious kids. they spout things that would get them muted or banned almost anywhere else. if you don't like that, i suggest you disable voice chat.",False,42603,1725576229,-0.6393,negative
172694025,440,"Best game until I got banned by false report. TF2 anti-cheat banned me cuz i opened a file my freind sent me intentionally knowing it was cheats. Other than that, AMAZING game. New anti-cheat so much better and hope they keep adding more to the game. (Or make TF3)",True,3461,1724174850,0.7912,positive
171515734,440,"since the ban wave, this game become even better then it was. if you didnt know bots were going in the tf2 servers using aimbot to headshot all players and kick players and spam the mic with stuff. but one day, it just stopped, like all of the bots got banned so keep it up val!!!!!!!!!!!!!",True,5755,1722900244,-0.7482,negative
171400251,440,A Timeless Legendary Classic and thank to Valve. They finally banned the bots and game is playable once more.,True,61963,1722748169,-0.128,negative
170677245,440,they banned bots,True,49016,1721880290,-0.4588,negative
170517362,440,"I hate this game so much and I broke my mouse over it. Please ban the guy wearing Batman mask (you know who you are) this game fucking sucks


edited

7 months later i fw it now and now im the one dawning the batman mask. GO SOLDIER",True,368,1721695517,-0.8969,negative
170198196,440,"I heard about Valve doing a ban wave on bots and cheaters, so I decided to come back and play but then they removed mac support. Man, I'll miss the community MvM events!",False,172069,1721343681,0.1007,positive
170178506,440,"valve started working and actually banned the bots, you get my vote, but I want to continue",True,28430,1721322439,-0.1406,negative
169768432,440,Valve banned all cheaters,True,55693,1720877995,-0.7096,negative
169617663,440,"Valve finally got to work. I hope it is not Just a ban wave and the developer is finally back. This game made a man I am today, I am very happy to notice the improvements.",True,98825,1720723296,0.9025,positive
169569071,440,Valve ban cheater bots :) good.,True,45544,1720679177,-0.296,negative
169531916,440,they banned all the friendly snipers who played good music,False,25420,1720639943,0.6705,positive
169423532,440,"They actually Fix the literal Mann VS Machine #FixTF2 worked somehow.

Now we got an cheater problem since bot are gone, #FixVAC ??",True,193294,1720537953,-0.7622,negative
169274056,440,"It's a good game sir, they banned the bots.",True,90881,1720383377,-0.0258,neutral
169229427,440,"valeve maked good gamed, valve also ban bot (bad bot), sex is real 2043!!1",True,22637,1720350136,-0.3147,negative
169170452,440,They finally banned the bots. Amazing game.,True,407,1720292447,0.2023,positive
169136681,440,"Team Fortress 2, One of the classics. It's nearly 17 years old and it still holds up with a massive community that keeps the game alive. I played this game about 2 weeks after luanch with the orange box so i've been here for quite some time and even though the game has had a major cheater issue the game itself is still great. Me and my son have started to play this game once again and it's a blast.",True,38245,1720264721,0.7906,positive
169096815,440,"Genuinely one of the greatest games of all time, completely abandoned by Valve. They'll drop this fix removing the bots for a few weeks like last time, and it'll be back to shit. The audacity to continue monetizing this game with cosmetics is even worse. Fix the game Valve. You can tell you're not doing a good job when most of your community doesn't trust you to keep up the anti-cheat for more than a few weeks.

You know, I'm surprised. The whole summer and I haven't seen a single bot or cheater. I still don't fully trust Valve, and I don't think Deadlocked will last long, but I still know that, no matter what happens, I can always return to TF2. And that's respectable, for a company to make a game that stays incredible for so long. Still regret spending so much money on the game, but I digress. This game will (hopefully) last a lifetime.",True,26808,1720219913,-0.8689,negative
169004800,440,"Although a lot of bot hosters and cheaters have been getting banned, the game still has a lot of problems from all the neglect it has received for years now, I'm happy to see they're doing *something* but I am here hoping they continue to do it and keep doing better. We can do this",False,59319,1720126055,0.6249,positive
168999916,440,"Fun Game with Great roster of classes and gameplay mechanics, Ive only been playing the game since 2018 but fell in love with it. Valve dropped the ball with Tf2 when it can to mym and the matchmaking system. Plus Valve let the game stay in a bad state for almost a decade with the Bot crisis, hopefully going forward tf2 gets bare minimum of being maintained as a live service title. No big content updates needed just maintanence. Valve moved on from Tf2 a long time ago, and thats fine! I dont expect anything Huge content wise to come out for the game, My only hope, is that this game gets the bare minimum level of support, with it being still being marketed as a, monetary live service title, that still has an active micro economy / market. Despite my criticism, I still enjoy this game very much, and my martian self will continue to do so, for however long it lasts

(Also not that this is important, But the 7th comic imo, was a nice ending for Tf2)






(This Definitely has to be, one of my favorite First Person Shooters of all time. It's a very fun class based shooter with tons of charm and replay ability. However due to the bot problem it sadly had made casual unplayable for a Long time. Recently though I've heard about the ban waves towards the bots which is Great news! Although, I hope this becomes something for the longterm. 

#FixTf2) - older review",True,120612,1720121905,0.9938,positive
168889891,440,"[h1] VAC anti-cheat makes me consider trying to rocket jump irl.[/h1]
[i] Anyway 10/10, amazing game :>> [/i]
",True,33447,1720020803,0.5859,positive
168792147,440,"Full of bots and ppl who hack your PC via in game engine exploits, valve are not attending to this or fixing it.",False,19630,1719933537,-0.34,negative
168720814,440,"Don't you just love the silence after a great hammer has been swung?

Returning to this after years, since all the bots got banned.",True,8685,1719863491,-0.3111,negative
168651690,440,"A large number of bots and bot hosts have been banned, so for now, TF2 is in a bit of a better state at least.",True,74062,1719795240,0.0516,positive
168633737,440,"Нічого так і не змінилось. Після хвилі блокувань (під яку потрапив і мій аккаунт) у коммьюніті була надія що все зміниться і чітерів , ботів не буде в грі але одне но всі блокування було видано ручками робітниками валв ну і задетектило тільки один чіт лмаобокс . Ну і звичайно щось нове бани видаються по HWID (але це блокування легко обійти любим HWID Spoofer з гитхаб)тобто на всі аккаунти що були на комп'ютері теж банились навіть якщо на тому аккаунті не разу не запускався тф2 . І більша частина банів видавалась по репортам тобто якщо ви налаштували чіт на легітну гру і не грали по рейджу то вас не забанять і VAC як не працював так і не буде працювати тому що валв нормальний античіт не можуть зробити з 2002 року так що зараз зміниться? Рано чи пізно валв заспокоїться і все повернеться як і було . Так що я не рекомендую грати в ось це . І не бійтеся грати з N u l l c o r e :)",False,3385,1719777964,0.4588,positive
168588929,440,imagine losing tons of money from your bots getting banned,True,22383,1719743793,-0.6808,negative
168513257,440,Very happy to see valve do some thing to the bots after 6 years played for 3 hours and only saw 1 bot that got banned not kicked Fr banned in. 2 minutes keep it up,True,17711,1719680652,0.101,positive
168384330,440,"They fixed the anti cheat!!!! (it will not last but they finally did something)

Pyro is also by far the best charecter among a cast with no weak charecters, sorry I din't make the rules.",True,3481,1719558830,-0.4798,negative
168340207,440,"Valve recently released a ban wave for bots, but this needs to be more than that. We've had a bot banwave before and it only got worse the second time. Either Valve does something - genuinely does something - about the bots FOR GOOD or we will continue to fight against their games. Their brand new title is right around the corner - if Counter Strike and Team Fortress are to be examples, it should be clear what that game will become once Valve stops caring enough to do their intermittent ban waves. We as players need to see them implement a genuine bot detection and anti-cheat system besides manual ban buttons. The battle is won but this war isn't over. I will update this review if things continue to change for the better.",False,33009,1719509957,-0.8591,negative
168337260,440,"Just heard of a ban wave early morning 6/27. Maybe, maybe I can return to what was a beloved game that I would normally recommend to anyone enjoying FPS games.",True,138502,1719506929,0.6808,positive
168089441,440,Valve has banned a lot of the bots so now the game is playable again! Good job valve keep up the good work.,True,19282,1719235948,0.4753,positive
167968223,440,"I work better than the anti-cheat. And I don't even have a job. 
Fixing the bots isn't treadmill work. Do what you're supposed to do as a company.

#FixTF2",False,96930,1719108682,0.4404,positive
167962317,440,"One of the greatest games of all time.  But the bots and cheating is out of control.  Valve still makes plenty of money from this game, so why don't they invest in fixing it?  Fix this game and let it live on, please!!!",False,30198,1719101912,-0.3018,negative
167605880,440,"The game has become unplayable due to hacker bots that out number the human players. Every single match I try to play is swarmed with these horrible automated nightmares. Often named racist, homophobic, sexist or otherwise horrendous things. More often than not they will spam links in game chat that link to child pornography or scam sights where you give the people responsible ""protection money"" as a form of extortion. Valve is content with these practices as they have not taken any action to prevent such ""bots"" from becoming the majority of there users and as a result spreading such disgusting and destructive materials freely and openly. Legal action should be taken at bare minimum, and to see such apathy displayed is abominable on Valves part.",False,112517,1718684168,-0.9431,negative
167586431,440,"It WAS a good game, now its swarmed with aimbots, the game it´s in an unplayable state. ""Go to community servers"" some of you might say, but its a temporary solution that will not solve the bigger problem: harassment, doxxing, swatingm, chat spam (suspicious links, hate speech) among other things, cheaters and bot hosters can get away with this thanks to the radio silence Valve is giving us.

Valve does not care a bit about tf2, we know this because of the loot boxes, buggy or unoptimized maps, and an obsolete anti-cheat. Is not only tf2 but Counter Strike as well, Valve does not care about their games, and they don´t care about fixing them. If they want to release a new multiplayer game fine, but i won`t  be perfect or flawless, sooner or later it will present the same symptoms tf2 and CS are going through. If we want Valve to listen is with our wallets, reviews and news coverage. All i want is to play tf2 without worrying about having an awful expereince everytime I join a game",False,101854,1718656380,-0.6702,negative
167537234,440,Is it really that hard to implement a working anti cheat? #FixTF2,False,78252,1718591990,-0.7165,negative
167521790,440,"Brilliant game, love it, one of the best games ever created, loved by millions during the course of almost two decades. However, this may end soon. TF2 is being destroyed by bots and bot hosters cheating in the game, ruining the experience for everyone. If you don't believe me, play the game yourself, and you'll see how many bots there are. They will not stop at TF2. Bot hosters commit real life crimes to harass and ruin the lives of those who oppose them. The worst part? Valve has done nothing to fix this, yet something must be done to combat this. Do not buy anything in this game until valve takes proper action; do not give them money for their negligence.

https://save.tf

Edit: The bots are gone for now, however stay vigilant!",True,2234,1718570800,-0.1877,negative
167519650,440,Get it together Valve. Just cause you banned a few bots doesn't mean any of us are happy fix the Game fully.,False,50881,1718568555,0.1779,positive
167514771,440,THEY ACTUALLY BANNED THE BOTS. NEVERMIND OKAY WE'RE BACK.,True,917,1718563976,-0.2732,negative
167497378,440,this stays here until VAC starts working,False,13,1718548005,0.0,neutral
167475212,440,"Valve, how can you be so good at CS:GO but so bad at TF2? CS:GO has the trust system a great system to stop cheating, but you didn't add it, you have to see the writing on the wall right? there are bot hosters who activity make you look horrible, mainly because you don't care to deal with people who DOX, DDOX, SWAT, and more. How can you claim to be the best when you cant even deal with the smallest of issues, you cant even be bothered to ban the steam accounts of the bot hosters or the people who DOX",False,68671,1718523929,-0.826,negative
167459469,440,"Boo, I’m get murder by hacker. 





#fixtf2",False,16442,1718502354,-0.6908,negative
167373172,440,"Just a fun game.   Some people hack, stupid, kick them or go to another game.   But on whole there is a lot of fun with different types of games and balance is always good.",True,60845,1718404449,0.85,positive
167367948,440,I've been banned so I don't really care anymore... Hope this game does get an update eventually! And if it does I hope the community enjoys it.,False,58924,1718398712,0.5495,positive
167309203,440,"It seems Valve is really trying their best to combat the bot issue and is truly going in the right direction to #FixTF2. I played until 4 AM the other day with not even a single encounter with a bot or cheater (to my knowledge at least). It was probably the most fun I've ever had playing this game, and I recommend giving it a try if you turned away because of cheating.",True,29726,1718325954,0.861,positive
167283678,440,"Once loved game of all time in everyone's childhood. Now it is just infested with the plague of spinbots, cheaters and mic spammers. The game has being in a pathetic state in a long time, VAC is not even enforced properly because valve could not even bother hiring moderators for their servers. Their is a fix for this issue, just make it cost $3 to register a valve account so bots will have to pay to cheat and all the revenue will just go to improving VAC and moderation",False,12734,1718294268,-0.5946,negative
167275540,440,"This is genuinely psychotic.
Valve, I know you banned a lot of bots.
But not ALL are gone yet.
#fixtf2",True,335,1718285121,-0.25,negative
167257974,440,I thought CS2 cheating issue was worst until I saw the state of this game. Volvo pls fix.,False,504,1718255981,-0.8126,negative
167256757,440,"A once iconic game enjoyed by multiple generations of players, now an empty shell of it's former self. New players, beware. Valve has no shame and does not care. Valve is a billion dollar company that refuses to devote a single ounce of energy towards an out of control bot/cheating crisis that they've let fester for years upon years. To add insult to injury, this is the game that solidified the concept of loot boxes, which Valve continues to reap profits from to this very day while simultaneously letting the game devolve into a completely unplayable mess. Shameful.",False,160959,1718253616,-0.9379,negative
167251899,440,"Let me say this.
Team Fortress 2 is a good game.
I adore so many things about this game, to the point where it is one of my favourite games of all time, even if I'm still not good at it. The movement is rock solid, the characters and art style is amazing, the type of stuff you can do with the guns in the game is amazing and, at the time, unlike anything the world had ever seen at that point. It was, and still is, nothing like I've ever played.
..LazyPurple made the point a lot better.
But.
In it's current state, TF2 has been objectively left to rot in the sun on the Sahara Desert by Valve. As you've probably heard, the Casual Mode has been overrun by bots that pick one of the classes, most of the time Sniper, and have them spin in the air until an enemy appears, only then do they use the aimbot that is packaged with the bots (they pick Sniper because if you land a headshot, it can be a one hit kill to most classes, unless when the gun is charged by being scoped in, which is why they spin in a circle, then it becomes all classes). The bots also spam the chat with opportunities to advertise ""services"" protect being aimbotted (which is just forking over money and being scammed), as well as spamming the text and in-game voice chat with hateful messages, voices that were artificially created, and have them saying slurs.
And the worst part? Valve knows this. And they do nothing.
This isn't like Half-Life 2 Episode 3 where they don't announce anything for, at this point, over 17 years. No. They addressed it in an ambiguous message on Twitter, and turned off the ability to talk in the textbox or voice chat, leaving Free-2-Play players in the dust as they can't call for a Medic (which if you've played the game before, you know is a CRUCIAL GAMEPLAY ELEMENT) or really, do anything unless they pay for something on the marketplace.
And even THAT doesn't work as the bots purchase something AND THEN spam Casual lobbies.
None of this is coming from a place of hatred either. Granted, I haven't even played any Valve game from start to finish until 2021. Coming up on the 3 year anniversary of my Half-Life playthrough soon. This is coming from someone that loves this company wants to see them and their games at the best they can be. But instead we don't know what's going on right now. megascatterbomb's findings proves that if Valve tried, they can fix this, relatively quickly. But no. Why bother?
Don't buy anything for Team Fortress 2, whether that be from the in-game store or Marketplace.tf.
https://save.tf/
Free Palestine.",False,8886,1718245057,-0.6838,negative
167250416,440,"Completely broken in it's current state, infested with bots due to vac being useless against them and vac not being updated at all. All valve does is periodically stuff workshop content created by the community into loot boxes to sell. Not worth your time at this point and not fully free to play as being a free to play on an official valve server locks you out of all communication besides stock taunts and making your character nod or shake their head by manually moving the camera. Community servers have actually effective anti-cheats in place that stop bots and if i remember correctly allow free to plays to communicate but getting into one has iffy odds due to them usually being full and not usually playing regular game modes as much, as well as occasional ddos attempts by bot hosters. Not worth your time or money in the current state.",False,64321,1718242623,-0.5157,negative
167249028,440,"#FixTF2

Honest to god love this game. Finally got a better computer to be able to play it again, but even with my new hardware the bots are making it almost unplayable. Reviewing this out of love. Love you, TF2 <3


Edit: Bots are banned. Hope this lasts.",True,10980,1718240275,0.9757,positive
167232781,440,"I know I am going to get a lot of hate for saying this, but either I am EXTREMELY lucky, or this whole problem with cheater bots overrunning casual servers has been blown waaaay out of proportion. Matchmaking was almost instant as well... Sure, #fixTF2, but I personally believe (based on my experiences, maybe on that particular day all the bots had been kicked) that bringing the recent reviews down to Overwhelmingly Negative is a bit excessive. But who knows? I only have 300 hours in the game.",True,30669,1718218516,-0.7941,negative
167210566,440,i played sniper for one match and im being called a cheater,True,95613,1718194101,-0.2732,negative
167200510,440,"This game hasn't gotten a single major update since 2017 and yet its community is still alive

The loss of live service isn't killing the game

The loss of balance changes isn't killing the game

The lack of care from Valve is killing the game.

Bots, hacker, and other forms of cheaters run rampant in game severs, rendering most maps unplayable. Valve has done nothing but fall into greed to combat this.
Since the start of the bot crisis, Valve has

Given us a new gamemode
Added microtransactions at least twice a year, sometimes three times
Took the ability to chat from free to play accounts
fixed insignificant bugs
Given tf2 64bit
Allowed both teams to kick players at the same time

Out of these, only one, maybe two changes have somewhat affected the bots.
Now bots need to pay Valve to ruin the game, which again, allows Valve to profit off the bots.

I have personally experienced bot impersonation in VSH, to the point where I cannot even play the gamemode. The only mode of tf2 which isn't affected is MVM

TF2 in its current state is broken, Valve is monetizing a broken product and pretending all is fine. Do not pay Valve, do not fall complaisant. 
#FixTF2",False,186282,1718179790,-0.8749,negative
167158260,440,"Negative 03.07.2024
Removed the bots ? 
Yes
Banned Hosts ? 
Yes
Keep doing so ? 
I think so
Updates ? No


Negative 11.06.2024
#SaveTF2 I want to actually play the game and not ""find server without bot"" simulator",False,7598,1718120828,-0.7743,negative
167151991,440,"too many hackers and bots with aimbot
#FIXTF2",False,26727,1718114240,0.0,neutral
167149944,440,"Haven't encountered a single cheater in months. Excellent work Valve, now let's keep it that way!",True,231186,1718111900,0.7809,positive
167149468,440,"the bots have been banned
-
casual is fun again
-
nature is healing",True,183777,1718111396,0.2732,positive
167136626,440,"The game is fun at it's core, or at least it used to be,
till there is at minimum a somewhat working anti-cheat all this game has left is some fun memory's and the hat's we've made along the way.",False,181608,1718091084,0.765,positive
167128336,440,"The game is broken, anti-cheat is worthless, servers are full of bots. I love this game but valve needs to do something about the clown fiesta that the game has become. FIX YOUR GAME!",False,11236,1718075324,0.6177,positive
167125234,440,"[i][b]UPDATE[/b] 7/10/2024:[/i] There have been a number of accounts asserting that the majority of the bots in this game have been banned, and official servers are largely clean now. This is great. It's delightful to see the pathetic bot hosters receive the hammer, squirming in their chairs and [i]hopefully[/i] questioning their life choices. Nonetheless, if you still care about this game, don't say ""thanks"", only say ""good job"". As long as the official game and inventory servers continue to run, they require maintenance, and I affirm this obvious fact with personal experience running my own web and mail servers. Do not buy from Mann Co. or any of Valve's other in-game microtransaction stores, primarily because it is important to keep the pressure on (and they are a large reason why the game was so botted to begin with). Persist, and surely you will see to it that one day you get your game back.

Team Fortress 2 was a favorite pasttime for an entire generation getting home from school every weekday. Unlike the more competitive multiplayer games, it never demanded too much from the player like it was some lifelong commitment to tie one's self up in. Even if you had never played this game back then, you may have seen the iconic nine classes appear in countless Garry's Mod and SFM skits over the years. The fact that the characters here have achieved such a level of ubiquity without the need for billion dollar marketing is a display of how brilliant the art direction was.

Certainly, this was one of the first games which convinced me of the merits of the first person shooter, and one of the first which got me into Steam to begin with. I've poured several hundred hours in here screwing around in various servers and generally having a good time. That was up until 2016... in my specific case, it had more to do with my interests shifting, but I did touch it exactly once more in 2018, well after that notorious failure of an update which tried to pull TF2 away from its roots and into more of a competitive game on the level of Counter-Strike and Dota. I wasn't pleased with how it seemed to become sterilized in such a manner. So, I turned away, uninstalled the game, cashed out my measly inventory a few years later, and never looked back, not feeling much from it...

So then, why now am I writing about this game? If you're not already aware, the official servers for Team Fortress 2 have been neglected to such an egregious extent for the past five years that even I cannot simply tune it out, having formerly been a rigorous player. These servers are heavily infested with bots which are intently designed to render the game unplayable. They're aimbotting, impersonating real users, spamming vile rhetoric, kicking players out, and largely eluding Valve's anti-cheat system all the way through. That's only scratching the surface; if you look it up yourself, you'll see it gets a whole lot worse.

What has Valve done about this? Nothing much, really. Actually, in recent times since the #SaveTF2 movement, they've done worse than nothing. Not only have they made no recent effort whatsoever to combat the bots, they now have the nerve to introduce new microtransaction products to TF2's store as they neglect the game. So, it's gone from apathy or laziness to pure spite.

Yes, I know. You can play in the community servers, which are much more proactive in keeping the bots out, often using freely available modules to aid in the process. But for the average person who doesn't look too much into things, they won't think this is a thing. The official servers effectively represent the game, and if they're unusable, so is the entire game for them.

For a multi-billion dollar corporation, this is pathetic. I had a lot of faith in Valve before, because they held onto some form of a ""don't be evil"" philosophy for a long time. I've made tons of excuses to myself that there was some good cause to some of their more questionable practices, like maybe the so-called ""Mann-Conomy"" was a tip jar so that one day we'd get an incredible new game from them. Oh, dear...

Recent leaks suggest Valve is planning to release a new game which is apparently a confusing salad of already established ideas from completely different games. It looks generic, but that's not what I intend to highlight here. With TF2 becoming a completely unsafe environment, and even Counter-Strike 2 suffering similar neglect, how can anyone be expected to have confidence in such a new game? At the rate things are going, it's bound to be dead on arrival.

You can invalidate me all you want with how I haven't touched the game in years, but Team Fortress 2 MATTERED to thousands of people. It brought everyone together and formed many friendships, and supplemented the creativity of some of the brightest animators on the internet. It was able to do all of this on such a large scale because it was such a well designed and fully operational game which Valve used to vigilantly upkeep for the lot of a decade.

Some of you might have become aware of the #StopKillingGames movement following the shutdown of The Crew, which involved shutting down the servers and rendering the game completely unplayable with no recourse. It's effectively robbery, but as we see here, there happens to be more than one way to kill a game. A new generation's perception of Team Fortress 2 is forever tainted because of Valve's complete refusal to tackle the bot crisis head on, and these players will never get to experience the joys we had to the fullest.

I can no longer look at this company in a positive light. I guess I should've seen it coming; Valve is not really a game company anymore. Its primary focus is more so digital logistics than anything else, transporting other developers' games to people's computers. It does that job well, but that's about all I can say anymore. Your dreams of a Half-Life 3 release are down the drain, and you're gonna have to accept that this is the new reality of the company. It will take a long time to sink in, but the truth will give you new life.

Point being, you should play G-Darius HD.",False,35222,1718070432,0.8514,positive
167123515,440,"The game had been infested by cheating bots for many years on official server, the bots are hosted by bad actors that try to kill this timeless masterpiece of a game then valve stepped in after years of neglect and banned all bots and bot hosters and fixed the game after years i personally don't know how long this will last knowing valve but hopefully this lasts forever i will change this review if this changes but for now i recommend this great game. 

pls give me steam points.",True,65218,1718067877,0.8486,positive
167102539,440,Red developer AFK in base.  Type #FixTF2 to kick and ban.,False,151126,1718042071,-0.5574,negative
167092645,440,"(this review has changed from negative to positive a couple of times, below is a log of the history of my review, read it in sections to understand it better.)
post summer 2024 update edit: I literally cant play... its an infinite queue, reinstalled twice. thanks valve.

My favorite game of all time, normally i would do nothing but praise this game and tell you to play it. but i just cant...

[strike]Tf2 is as good as dead right now, its practically unplayable (thanks to cheating bots ran by a select few people who for some reason want nothing but to ruin this game for everyone else). you are better of using your time to play another free game.[/strike]

They have started banning the bots but its manual and no changes have been made to vac. this could very well be temporary.

The bots have returned in extremely small numbers as expected, but they really are in small numbers and still actively get banned, I have even seen some get banned live in game before we could even vote kick. This tells me that valve is still actively doing something, and thats enough to change my review back to positive. its playable again, go have fun.",True,152027,1718032168,0.9559,positive
167087129,440,"Please Valve, fix VAC already. Make all those cheaters and bots regret their useless existence in this world.",False,2884,1718026477,-0.7351,negative
167084293,440,"You'd think Valve would give a shit about their most profitable game and do things like Patches, updates, bot ban purges. but nope. they dont give a flying fuck. Fuck Valve #FixTF2 for fucks sake",False,2053,1718023154,-0.7832,negative
167067726,440,they banned me,False,35068,1717998461,-0.4588,negative
167057637,440,"as of now:
valve one of the few corporations out there that care about their consumers 
thank you for listening to your community and taking action as few companies do the right thing or avoid doing the wrong thing

pre bot ban:
please valve save the game from bots
you alone have the power to do 
edit as of recent there are 2 type of bot experiences
getting insta kicked
and finding the right angle to bounce a grenade off the wall in payload",True,16053,1717983559,0.0772,positive
167040163,440,"The game is not currently playable due to the ongoing bot crisis (an influx of bots that cheat and ruin the game for everyone else).

Unfortunately, not enough (or really, anything substantial) is being done/has been done in the past to combat this, despite the response from Valve resulting from the previous (#savetf2) movement.

Despite this, the playerbase of this game is admirably not willing to give up, and I join them in this.

It may be difficult, but something must be done.. something that is substantial that won't just be a tweet to give people hope or simple ""solutions"" (such as globally muting F2P players for example), and the playerbase must not falter until this is done.

So, Valve, please fix.
#fixtf2",False,38534,1717962653,0.4884,positive
167039347,440,"A game forged with love, left to wither out in the most gruesome of ways. Valve please do something...

Edit: They banned most of the bots! Twelve hours of casual I have not come across one bot, let's hope they keep it up.",True,31143,1717961875,0.8172,positive
167037464,440,"As someone who has been playing TF2 since 2007 (old account sadly hacked) it truly saddens me that Valve just ignores the bot issue.. At this point it makes more sense to just take the game offline, knowing damn well that valve will do nothing.. Hate to say it but its time to look for another game to play.

Edit: 
Valve actually banned the bots.. But this is just the first wave, get to the upgrade stations and continue the fight!",False,63209,1717960222,-0.8605,negative
167021529,440,"the only thing i wish valve could fix, along with the bot crisis is the amount of cheaters that this game has. NOTE TO ALL CHEATERS: cheating will not fix the problem only make it worse, as in the lobbies becoming smaller because of the disliking some people put into cheaters as well as not making the game fun for the other people themselves. You, the cheater that may be reading this comment, (or not), is destroying team fortress itself. Make this game fun again by not cheating, or wait for ValvE to fix this game, which might never even happen! they have more of a chance to make a entirely new game like team fortress 3! And don't even get me started on how many players have the Boot comm. Deltatron-ic on them! We NEED booting to happen in this game to allow cheaters to have an option on LEAVING. Please understand that not all players like cheaters. And new players,  have an option on going to play someting else, that is less crypto infested by cheaters. And the cheaters, (im talking to any cheater here) Make a lobby (cheaters only!) you can have fun with  other cheaters out there and be cheated on yourself! please take this long comment into your interes and think about this game. Please dislike this comment on this game and get on to playing in the community of split half-and-half cheaters and legit players.",True,1249,1717945992,-0.9805,negative
167010116,440,"Been playing TF2 since its inception. Nearly 14,000 hours later and it seems like it's time to call it quits. The bots make it unplayable until the middle of the day/evening when they're thinned out by incoming humans as they get off of work and school.  Cheaters run rampant, VAC banned accounts everywhere. Eff Valve. #FixTF2",False,887634,1717935345,-0.3818,negative
167008926,440,"Casual matchmaking often leaves teams severely unbalanced, with ""Player connecting..."" messages instead of actual players taking up team slots.
Time per map is frustratingly short, with a lot of forced downtime, sitting at the post-match voting screen and waiting for the server to load the next map, even if ""the next map"" is exactly the same one as before. So a lot of players will leave.
Cheater bots will join and take over teams, making the match unplayable, causing human players to keep leaving or get kicked out by bots.
If the bots somehow leave or get kicked out, there will be a lot of empty slots, but instead of waiting for new players to connect, the match will start with teams severely unbalanced, with ""Player connecting..."" messages instead of actual players taking up team slots.
And the cycle continues.

Community servers are much more free from the cheater bots and downtime, but there are few of them and even fewer are pure vanilla.
Single player on a local server is possible, just add built-in bots with console commands or use ""TF2 Bot Overhaul"" mod for even better experience.",False,66495,1717934023,-0.706,negative
166991837,440,"Now I've played TF2 for 3,000 hours now and I've probably seen tens of thousands of bots within these hours pretty much in every game i've played for 4 years now

So yeah Gabe, wake the fuck up and update your anti-cheat system so games like this and Counter-Strike aren't infested with cheaters",False,201557,1717913024,0.88,positive
166986751,440,BOTS got banned yay,True,36790,1717906171,0.1027,positive
166978036,440,"A few days ago, I was able to play on public servers now there's an issue with my computer that blocks VAC and I can't play casual servers. heck...",False,95699,1717894650,0.32,positive
166972382,440,"Brought this game in 2008, I don't recommend playing it now. It is crawling with Bots which will kick other players and spam servers. Valve needs to urgently give TF2 some love and attention as well implement a strong anti-cheat software",False,33291,1717887775,0.6595,positive
166965217,440,"Русский:
Валв, такая прекрасная компания. В кс 2 вы с античитом обосрались, теперь вы и решили другую легенду закопать?
English:
Valve, such a wonderful company. Did you shit yourself with anti-cheat in the CS 2, and now you've decided to bury another legend?
Теги/Tags:
#Fixtf2
#Savetf2
Русский: Распространяйте все что есть с связано с этими тегами, распространяйте этот отзыв. 
English:
Repost everything related to these tags, repost this review. 
Ссылка/Link
https://save.tf/
",False,3902,1717880309,0.1179,positive
166960777,440,"EDIT: TF2 fixed the bot crisis in a meaningful way that has remained and has earned back a positive review.


Tf2 bot crisis is unacceptable. I will change my review to positive when valve earns it by producing a meaningful solution to the bot problem.

EDIT: Valve has done a fantastic thing with the most recent ban wave, and I am very happy to see this. With that  being said, I still do not trust valve to maintain this at this point. I will be keeping my review negative for a little while longer until I see that this is a lasting result. Good work valve, I hope this sets a precedent for a better era of valve being more involved in their most beloved games. (CS2 needs a lot of love right now too, the cheaters are ridiculous and overwatch is still apparently unavailable.)",True,128771,1717876111,0.8227,positive
166952789,440,"Tf2, like many others, was the first game I had on my steam account. I played it for a good many years, stopped, came back 3 years ago. And even though the issue wasn't quite as bad as it is now. It was none-the-less frustrating going into random servers, and each one of them either being full of bots or with a majority of the players on the server being bots, with people trying to kick them out. I kept trying to find a good game for a week and found a couple of matches i could enjoy, but eventually got fed up with having to deal with the bots constantly. There was no more enjoyment, only anger and frustration. Why would Valve allow this to happen? That question rings even more true now that it's also hitting their other cash cow- Counter Strike 2.

I can't recommend this, nor any game of Valve's while they continue to ignore the communities that keep their games alive.

Avoid TF2 for your own sanity.

Valve, fix VAC. Come up with something new. Do SOMETHING.",False,45918,1717868679,-0.1415,negative
166948575,440,"(#FixTF2 #FixVAC

Valve please fix this goddamn game, it's beloved by so many people yet you decide ""Fuck it, lets make a NEW FUCKING SHOOTER"" like for fuck sake atleast try your best to make an actual good anti-cheat to get these bots outta here.
If it wasn't for the bots, this game would've been perfect

sign the petition :)
https://save.tf) <----- old version


thanks valve :')",True,53705,1717864817,0.9582,positive
166945685,440,"Sad that one of my favourite games of all time is being neglected like this. C'mon Valve you make millions off of this game, giving it the anti-cheat it deserves won't harm your bottom line at all. #FixTF2",False,91784,1717862229,0.0644,positive
166939343,440,Bot ban wave,True,112445,1717856704,-0.5574,negative
166939116,440,"Official servers have been unplayable for years, and the people running these cheating bot farms are a cancer on the community.",False,9551,1717856498,-0.8402,negative
166919510,440,"Ahhhhh... Team Fortress 2.
I have very fond memories of this game.

I remember sinking in hours of my life into MvM Bootcamp, because I didn't have a single penny to play Mann Up, and I was too scared of getting curbstomped to play Casual.

I recently started playing this game again, both on Mann Up and Casual.
And this, is where I ask: ""WHEN THE FUCK DID MVM PLASTER ITSELF OVER CASUAL?!""

If you play a Casual game, or any game, whatsoever, in TF2, you are bound to go against at least one bot.
These bots have aimbot, anti-aim and any other possible cheat you can think of, while us, players, have nothing at our disposal.
If it wasn't enough, they also spam both text and voice chat, sometimes IMPERSONATING OTHER PEOPLE OR SENDING LINKS TO CP.
This just should not happen.

On top of that, the bot hosters have been targeting, harrasing, doxxing AND EVEN SWATTING people who dare stand up against them.
And Valve has done NOTHING AGAINST THAT.
Instead, they just keep pushing more ways to get money.

So me, and many other members of the community, are saying ""NO FUCKING MORE.""

Valve, we do not ask for content updates. We just want a game that has been part of Internet for a long time to be able to be played by ANYONE.
Listen to us. In it's actual state, I cannot recommend TF2. If it were, I would happily.

We are here. We will be fighting. Doxx us, DDoS us, it doesn't do shit.
Let's fix TF2, together.

Sign the petition: save.tf
#FixTF2",False,1661,1717833829,0.5173,positive
166916894,440,"Negligence in anti-cheat has rendered the game practically unplayable, would not pootis #fixtf2",False,148252,1717830043,0.0,neutral
166913678,440,"As It currently Stands, TF2 is in a near unplayable state if you rely on official Matchmaking. Automated cheating bots litter lobby after lobby and the radio silence from Valve on this is deafening. It's very sad to see such a pillar of PC FPS falling due to pure negligence from its owner. #FixTF2",False,45971,1717825080,-0.8622,negative
166905413,440,"This game sux. Dont play it, its full of bots and cheaters. Until valve decides to update vac its practically unplayable. #FixTF2 #SaveTF2",False,21926,1717813644,-0.7533,negative
166890444,440,"edit: they fixed.

I used to be able to say that this was my favorite game. In it's current state, it is unplayable due to bots and cheaters. Valve has neglected this problem to the point where something like 100 bots are able to cripple the casual community, not to mention the 10s of thousands of bots inflating the player count. VAC is not sufficient, there are not enough resources dedicated to keeping the game healthy, and as it is, I could not recommend it to anyone. Valve is notoriously tight-lipped, but their continued silence on the bot issue tells me they are unwilling or unable to fix it. This is the legacy of TF2 now, and it sucks on ice.",True,188787,1717795576,-0.6963,negative
166886703,440,"VALVE, MISPLACE 495450 BOTS INTO MY BANNED ACCOUNT, AND MY LIFE IS YOURS FOR ANOTHER ONE THOUSAND HOURS AND MORE",False,63341,1717791055,-0.5766,negative
166882974,440,"This game is charming, cartoony and probably one of the most iconic multiplayer games for a good reason - but it's in complete disrepair. I just played recently and most games were decided by the amount of sniper bots each team had. Valve have been actively neglecting the game for over half a decade at this point, leaving it to cheater bot hosters to ruin the new player experience and idle bot hosters to inflate the player numbers (~70% of players are idle bots).
They should either get someone dedicated to maintain the game or shut it down and leave it for the community to run. I hope the former happens, but even the latter is better than leaving the game on life support and barely playable while still raking in all the cash from its in-game economy. I don't play this game much, but I hope for those who do that something is done. #FixTF2 #SaveTF2",False,438,1717786751,0.9031,positive
166868120,440,"VALVE FIX BOT FIX VAC GIVE HEAVY UPDATE I DONT WANT 20 MORE COMMUNITY HATS

Edit 4 Jan 2025 : The game no longer has bots, thanks valve.",True,174898,1717770432,-0.0166,neutral
166858497,440,"#fixtf2 - and they did, they banned the bots",True,3428,1717758302,-0.4588,negative
166858083,440,"It's such a shame I have the give this review. The game is almost unplayable with so many bots. It's one of my favorite games of all time and I highly doubt valve will ever come back to fix it. 

Edit: They did somehow fix the cheater bot issue so I will change my review! Now if only they'd actually update the game again.",True,45499,1717757644,-0.7707,negative
166848950,440,"Let me start off by saying I love TF2, I have loved it from the very first time I shot a rocket or got a back stab. That being said this game is not TF2 anymore it is Aimbot Fortress Infinite, every single game is invaded by aimbots or bot accounts that fill up the lobby and spam ads in the chat and loud music over voice chat. I have had this game installed on every single PC i have ever owned, but until the bot issue is fixed I think I will have to say goodbye to my good ole friend and hope it either rests in peace or pulls though on the deathbed because that is where it is now. Good Bye TF2, but hopefully not forever..",False,6660,1717741773,0.9801,positive
166845733,440,"Edit FROM that edit:
Valve has actually started doing more! It's getting better, and I am glad to say that I actually have thought about finally changing my review to a positive one! You're still ways off, but right now, it's enough to make this review go from a negative to a positive! What is going to be of the #FixTF2 protest now? I'm unsure but I am glad to say that we finally had something right happen with this game over the last five years that wasn't just an empty tweet!

Edit from last time:
I'm actually somewhat proud to say that Valve has actually done something about the TF2 bot crisis, but their work is still not over. VAC is far from perfect, yes, but it should still have an opportunity to be better than whatever it is now. The next thing I hope Valve does is launch investigations into the bot hosters, not just the cheater bots, but the idle bots as well. We're one step now closer to a brighter TF2, but it's still gonna need some time. And a lot of investigation into those bot hosters.

What happened to you, Valve? You're letting this game die while you're acting like you're the leader of a town that is ignoring the cries for help in regards to this bot-pocalypse! We legit want to have fun in casual pubs and not have to worry about looking over our shoulder for bots!

People are either turning to community servers or different games entirely because it's not fun to get into a bot-riddled lobby that's full of mic-spamming aimbots that are legit designed to show off the most horrific content that could be imaginable! 

Why are you okay with this?! Why are you okay with letting one of the greatest classics of the late 2000's die?! We want to go back to the point where we could play the game in pubs and have fun at the same time! It hurts to know you're letting one of the most dedicated communities in gaming down.

PLEASE... for the love of all that is holy... #FIXTF2.",True,3187,1717736034,0.9964,positive
166845148,440,"This game used to be something back in the day, but now, every match is overrun with disruptive bots that try to ban you from matches, constantly spam sus links and flood the voice channel with annoyance. The bratty children running the bots have decided to make it their mission to destroy this game. Fix the bot problem and this game can easily be good again.

Other than that, this game runs on anything, and runs well.",False,19024,1717735148,-0.9294,negative
166843821,440,"This game means so much to me, I've made friends, great memories, and laughs along the way... but I stopped playing a long time ago, and back then I couldn't even find a match half the time because of the bot infestation on Valve official VAC secured servers.

please #FixTF2.",False,65426,1717732907,0.9011,positive
166841621,440,"It's a good game, but my god, the botting situation has gotten out of control and it feels like Valve is doing nothing to stop it other than a little band aid here and there on what is essentially a tumor. Update your damn anti-cheat guys!",False,112487,1717729247,0.3662,positive
166838728,440,enough is enough we can't play the game like this because of valves neglect and negligence we the players of team fortress 2 will no longer stand idle and let our beloved game fester and rot away having cheaters advertise child porn because of the cheating bots because if we don't then who's next?  #fixTF2,False,30925,1717724630,-0.7867,negative
166837696,440,"Bots are gone. Game feels like there aren't going to be any updates, but it's a bittersweet finale with the cheaters banned.",True,69066,1717723113,-0.8201,negative
166836842,440,"[strike]Good god Valve, if the game is in such a state that none of your staff want to touch the code then port the game already. You'll happily collect people's money in the store still but can't manage your own housekeeping! This stays negative until the bot issue is addressed, it's the least you can do.

To the staff that still work on TF2, I hope that Valve gives you the support that you need and deserve.[/strike]

As of June 2024, thank you for listening and rolling out a ban wave!
Still holding out hope for a port!",True,182099,1717721830,0.8139,positive
166834442,440,VAC has got to be one of the most ineffective anti-cheats of all time.,False,79336,1717718049,-0.2006,negative
166834405,440,banned bots,True,26021,1717717989,-0.4588,negative
166833080,440,Kill cheaters. Behead cheaters. Roundhouse kick a cheater into the concrete. Slam dunk a cheater baby into the trashcan. Crucify filthy cheaters. Defecate in a cheaters food. Launch cheaters into the sun. Stir fry cheaters in a wok. Toss cheaters into active volcanoes. Urinate into a cheaters gas tank. Judo throw cheaters into a wood chipper. Twist cheaters heads off. Report cheaters to the IRS. Karate chop cheaters in half. Trap cheaters in quicksand. Crush cheaters in the trash compactor. Liquefy cheaters in a vat of acid. Eat cheaters. Dissect cheaters. Stomp cheaters skulls with steel toed boots. Cremate cheaters in the oven. Lobotomize cheaters. Grind cheaters in the garbage disposal. Drown cheaters in grease. Vaporize cheaters with a ray gun. Kick old cheaters down the stairs. Feed cheaters to alligators. Slice cheaters with a katana.,False,2789,1717715986,-0.9982,negative
166831624,440,"This has been my all time favorite game on Steam and highest hour count. It breaks my heart this game has fallen into complete disarray as the gameplay holds up and is honestly better than a lot of new games today. I would be happy to sink more money into this game if the game had active support or at least did not have a cheater problem.

Please. #FixTF2

Edit: Thanks Valve.",True,108613,1717713896,0.9745,positive
166809699,440,"One of the most fun shooters with limitless potential DESTROYED by a greedy, apathetic company, literal sociopaths who ruin the game with cheating and bots, and fanboys who somehow see it as unethical to do more than sign a petty petition in the pathetic hopes of said company even potentially seeing it.

This game has brought so many of my friends together and it has been depressing to see the downward spiral of what it became today

#FixTF2",False,44004,1717690129,-0.9517,negative
166796217,440,cheater bots. valve pls fix,False,10692,1717676287,-0.4939,negative
166793022,440,"I am frankly not a TF2 player, but hearing the situation from multiple sources is enough to see how bad the situation is in this game, so I am here to help the cause.

Not like it is that much better in CS2 anyway. Rampant cheating and farmbots as well which Valve still fails to address.",False,15,1717671879,-0.7885,negative
166792357,440,"So as you might notice, i am not at all an active tf2 player.

I am also not leaving this review here to criticize the game. Valve can do whatever the fuck they want, as they have done anyways the past 17 years. We know that they basically ignore everything their fanbase has to say, but ignoring the complete shitshow that is the current state of tf2, where bots with aimbot swarm every match, while LITERALLY FUCKING ADVERTISING ACTUAL CP should be a crime. They need to at least this once get their head out of their ass because its so far up there that they cant even hear us anymore.",False,42,1717670949,-0.9505,negative
166789061,440,"This is an excellent game that is a depressing state. The game is RIDDLED with bots, estimates indicate 50-70% of the steam player count are bots.

Us ACTUAL HUMANS would like to be able to PLAY THE GAME without half a dozen (or more) sniper bots killing you instantly.

VALVE PLEASE FIX.

If Valve steps in, implements functional anti-cheat and culls the bots, I'll update my review to reflect this legendary game and the legacy it deserves to have.",False,43443,1717665888,0.656,positive
166786051,440,"(ENG)
Valve, we Team Fortress 2 players love your game very much.

It was you who created the project in which many people still spend hundreds of hours.

It is very sad to see how cheating bots ruin matches by using auto-aim (killing players almost instantly) and kicking honest players through voting. This is unacceptable.

We ask you to solve the problem with cheating bots on the official servers. This time, see it through to completion.

(RUS)
Valve, мы, игроки Team Fortress 2, очень любим вашу игру.

Именно вы создали проект, в котором многие люди до сих пор проводят сотни часов.

Очень грустно видеть, как боты-читеры портят матчи, используя автоприцеливание (почти мгновенно убивая игроков) и кикая честных игроков посредством голосования. Это неприемлемо. 

Просим вас решить проблему с ботами-читерами на официальных серверах. На этот раз доведите дело до конца.

#FixTF2 #SaveTF2",False,31979,1717660705,-0.8687,negative
166785355,440,"Kick player: in the balls?
(accused of cheating)",False,64541,1717659490,0.0,neutral
166781033,440,"No matter which Valve game you play, VAC won't Function.",False,127854,1717651641,0.0772,positive
166781026,440,"Beautiful game in all aspects! [strike]Once...[/strike]
P.S. [spoiler]A year's supply of full Jarates to each bot hoster and cheater[/spoiler]",True,109606,1717651630,0.636,positive
166780564,440,Its good just dont cheat it gives you a spooky scary Vac ban : (,True,1852,1717650745,-0.3442,negative
166779526,440,"TF2 has fallen so far, Valve fix the bots. #FixTF2 #SaveTf2 https://save.tf

Edit 6/28/24: Valve has hit the bots with a massive ban wave, potentially banning upwards of 16k bots. This is great news but not enough for me to change my review, as this only prolongs the problem. When I see an actual solution, even if not 100% effective, then I will give them the better of the doubt and change my review. Thanks for your work Valve, but I need to see more.

Edit 7/30/24: Valve you have kept up the treadmill work though an entire month, this warrants my review heading back to positive, however I will be watching for if you start to slack off.",True,60495,1717648931,0.7113,positive
166774996,440,Valve needs to fix the severe cheating issue and update their anticheat that they’ve been using for longer than I’ve been alive.,False,30872,1717642098,-0.5574,negative
166774959,440,"I am changing my review.  Valve did a massive bot ban and the official servers are clean for now. This game is amazing. It's casual but at the same time it has a lot of depth and surprisingly high skill ceiling. Kinda like Smash Bros. Really good, play it now.",True,19049,1717642047,0.941,positive
166770870,440,"#FixTF2 How the hell is valve worse then EA for game support? These mooks need to fix the damn game, get rid of the bots and make an actual anti-cheat that works.
EDIT: valve did something for once, i havent seen a bot in a month.",True,27640,1717636387,-0.8271,negative
166770634,440,"Please address and fix the aimbot issue that you should be acutely aware of.
#FixTF2 #SaveTF2",False,51785,1717636015,0.3182,positive
166770414,440,"It was great when I joined about six years ago. There were no bots, not that many chatters, and it was amazing. In fact, TF2 was the reason I joined Steam and started gaming. But after Jungle Inferno, everything went downhill. I remember when the VAC system worked and protected us from the Valve n-word killers, but now there is nothing. No fun, and Casual has turned into MVM. It used to be good, but now it’s terrible. I want it to change, and I doubt it will, but I still have hope.",False,149836,1717635706,0.2451,positive
166769951,440,"Absolutely absurd cheating bot problem. If you enjoy paying lots of money for cosmetics in this game only to get 360 no-scoped by bots using aim cheats 10 seconds into a match and they're blasting Nazi hate speech over team voice chat, then this is the game for you.",False,755,1717635078,-0.8714,negative
166769733,440,"I want you to play this game. I want you to have the same amount of fun I used to have. But I cannot recommend this game in good faith. The official Valve servers are overrun with bots that do anything from aim-cheating to doxxing. The state the game is in is absolutely unacceptable. Valve has the resources to fix this problem, they just choose not to, instead choosing to add more microtransactions to get more money out of a broken game. VAC doesn't work. Not in TF2, not in CS2, and not in any other game that uses it or will use it. I would love to change this review to a positive one, IF Valve solves the bot problem. Until then, play something else. Do better Valve.",False,53249,1717634765,0.9076,positive
166768383,440,"Now that the game doesn't have a cheating issue anymore it's hard not to recomend, genuinely one lf the only online games I think are worth playing anymore",True,19747,1717632919,0.6398,positive
166767758,440,"Valve has abandoned the game, and its flooded with cheating bots, the game is unplayable and is dead, do not bother to play.",False,26022,1717631981,-0.8979,negative
166766875,440,"Was one of the greatest Video Games of all time. Was. Now it's not even playable outside of Community Servers or MvM due to cheater bots, and even then you still might have to contend with human cheaters/griefers. Team Fortress 2 has not been worth playing since 2017 as Valve has abandoned it, and has been irreparably broken since the Matchmaking update in 2015. Many are demanding for Valve to step in and fix this game's myriad of issues but I personally have accepted that the game I loved playing from 2012-2015 no longer exists. The only thing keeping this game alive are bot farms artificially maintaining the prices of the cosmetic economy - which you should not bother with either as you will probably be scammed. I couldn't care less if Valve shut down the servers tomorrow. If you value your time or your money, do not spend it on TF2.",False,79791,1717630782,0.7387,positive
166764765,440,"Fun game but it's horrible state, in terms cheating. 

Would recommend if Valve did something for once instead of a shallow ""We hear you""",False,48528,1717628014,-0.7391,negative
166763855,440,bruh just fix the anti cheat,False,43559,1717626822,-0.6486,negative
166762900,440,"Team Fortress 2 is an undying gem. A whole generation of people was born during this game's relevancy in internet culture, and it's for a good reason: Everything. Just. Ticks. Right. This game came from an era when Marvel one-liners weren't a Pony's One Trick of all media, when Free to Play didn't necessarily mean ""Unenjoyable for less than 30$\mo"", when game development was a form of art. And now it has been gathering dust for years due to negligence on the Valve's side.

AN UPDATE! I had to rewrite a detailed part of this review, since a lot of things had changed recently. But in my eyes, the point still stands clear.

So, what's wrong with TF2 now? Well, the main issue, being the overwhelming amount of malicious actors abusing the game and its community for years, seems to be fixed, partially, for now. Not sure for how long this is going to stay, and I'm not ready to let go of the fact that it took years for the ban wave to arrive. As for now, I guess that the best time to play the game is now, so break a leg!
I am still not recommending this game. The reason behind it is that the game is still being treated like it was after the Jungle Inferno update - a seasonal money furnace. More community made stuff bloats current item pool even more (BOTLER 2000 follower?? Absolutely not!), new maps stretching the playerbase even thinner, and the community server tab is still as unreadable for new players as ever, discouraging people from creating and playing said servers. Most of the official content has already been made it seems like, unless you're into gambling, and it would be fine if the content we do have weren't constantly distilled with whimsical shinies. I'm not saying that community made content is bad though, it's great, and fun as its own thing! It's just that this being alongside everything that is official kind of makes the ""official"" side of TF2 less directed. I do not support handicapping user experience for the sake of milking more money.

UPDATE OVER!

With that said, I encourage readers to spread the word about Valve's negligence towards its client base, and adwise them to not support this behaviour financially. By buying games from steam, spending money on microtransactions, even participating in Steam Community Market, you are supporting Valve's malicious business practices.

VALVE'S GAMES AND YOUR STEAM ACCOUNT ARE NOT A GOOD INVESTMENT!

TF2 NEEDS TO BE FIXED!",False,86251,1717625580,0.959,positive
166762886,440,"This game has become utterly dreadful! The developers seem to have completely abandoned it, yet they continue to profit from it. It's infuriating to see them neglect their responsibilities while allowing cheating and AI bots to run rampant in the entire game. This negligence has turned what was once an enjoyable experience into a frustrating ordeal for dedicated players. It's appalling that the developers would let such issues persist, prioritizing their financial gain over the quality and integrity of the game. This kind of mentality is incredibly disappointing and disheartening for the gaming community.",False,25147,1717625565,-0.9317,negative
166762214,440,"160 Hours into the game, and I now hate it, I put up  with the hats, I put up with the chests.....the cheating has killed the game.  It's sad.",False,9295,1717624733,-0.9423,negative
166762002,440,"For the past five years, Team Fortress 2 has become nearly unplayable. The game’s official servers have been overrun by hordes of cheating aimbots while Valve has remained steadfast in their refusal to adequately tackle the problem.

TF2 doesn’t need new content updates, it doesn’t need new microtransactions, it doesn’t need new weapon additions. What TF2 needs is a solution to the bot crisis.",False,50862,1717624484,-0.8519,negative
166761445,440,"After much fighting the bot crisis for years, and the bot hosters being banned left and right.  The war is finally over.  So long as the community speaks out and stays a priority rather than keys and money to Valve, we'll fight back cheaters and bots, no matter their force wave.

We sent the book of petitions with over 200k signatures, the issue is resolved, we have prevailed!  Don't stop fighting TF2 Community!  Keep pushing for a better TF2 tomorrow!",True,43155,1717623867,-0.9583,negative
166760576,440,"In my thirteen years of playing this game, things have never been worse than they are right now. Valve genuinely doesn't care about the state of what used to be a flagship franchise, promoted alongside the most high profile steam releases at its time. Now, horribly racist and disruptive cheat bots have made the majority of casual experiences a dull slog without basic anticheat measures in place. Do not play this game until Valve has made significant updates to the back end.",False,124767,1717622904,-0.8723,negative
166759940,440,Wonderful game ruined by Valve's neglect. Cheater bots and human cheaters galore. Fix tf2.,False,31257,1717622191,-0.8316,negative
166758767,440,"Valve has forgotten about the game and left it to be run by bots and cheaters. Instead of addressing the issue, they are developing another class based shooter without attempting to clean the mess that is tf2. Seeing that they can’t be bothered to update VAC I’m pretty confident that deadlock will find itself in the same situation as tf2 and cs2 in a few years time. Valve, if you’re reading this, at least have the decency to tell the players to give up their support for the game and shut down the tf2 marketplace. And to the players, stop unlocking crates and giving them free money.",False,23246,1717620957,0.088,positive
166756124,440,"I love TF2 and it's my favorite game of all time but the game that achieved that status is no longer what you get when you hit download and install. If you're new to this game, STAY AWAY unless you like being insta killed when you spawn in from people who cheat. This isn't just a ""every once in a while match"" type of problem either. Every.Single.Match you will be paired with MULTIPLE other cheaters and/or bots who want to do nothing but ruin this game. Cheating has run rampant for the past however many YEARS and Valve has refused to provide even a pebble of an update to address this issue. This game is not playable and does not deserve to be played by anyone who has even a spec of interest.",False,54159,1717618188,-0.892,negative
166752669,440,"One of Valve's long abandoned cash cows, if you get into a lobby without immediately finding a spinbot consider yourself lucky!",False,1915,1717614755,-0.1007,negative
166751984,440,"I love this game to bits, but one MASSIVE problem that has really been ruining the experience for me is the poor team balancing. Every 10 servers that you end up jumping through are either an 80% chance that your team is getting absolutely destroyed because it is populated by people who just got the game 20 mins ago, or the rare 20% chance that your rolling the enemy team with no effort whatsoever. Before it was a mild nuisance, but now it has become so frustrating to find a half decent game, I'm really losing my passion for this wonderful game. Although it is evident that the game isn't neglected with new events, maps, the better queue times fix recently and a good number of months ago, the ban wave of bots and cheaters. I just wish that Valve takes notice of the issue and fixes the problem so that the experience can be improved for those like me who have a good number of hours in the game, and for newcomers. Please Valve, fix this.",False,96815,1717614097,0.2266,positive
166747732,440,"Got 4.5k hours here,5.5k on another account. Been playing for about 12+ years, I've seen most of the bugs, happenings and problems of this game, but now, it's another case. Last update was SEVEN YEARS AGO. 7. Bots have overrun the whole game. Cheats are so rampant that you'll get cheaters fighting for who has the best client hack. Scammers, phishers and shakers are just hoarding everything for insane prices.Trades in game have been broken for a year now.We still miss the promised heavy update. It's a game that needs so little to be fixed, but Valve prefers to suck it dry while it could reach top popularity with no problem. 10 developers for just a million a year won't make a dent in your profits, while you get that much in a month despite the unplayable state of the game. F##K you valve, on the same level of EA, Nintendo and Ubisoft.",False,286916,1717609791,-0.8807,negative
166746772,440,"#FIXTF2

Not out of hate, but of love...

I adore this game and have been playing it honestly as long as I can remember. So many countless hours spent fighting, trading, idling, and just generally having a good time with other people. These days, I wonder where all the people have gone, because I sure as hell don't see them anymore. 

These days, all I see are bots, bots, bots. I have COMPLETELY given up on ever queuing for Official Valve servers now because there is a genuine IMPOSSIBILITY of getting into a server where there aren't bots aggressively ruining the game, spamming on mics, flooding the chats, and just overall wreaking havoc. And that's not even mentioning the things these malicious actors have done outside the game.

If you're a botter and you're reading this, you're scum. Stop what you're doing. You aren't leaving any impact or memory of yourself. All you're doing is souring the memory of this phenomenal game. Nobody knows who you are and nobody cares. Even if they did know and care, all they would have for you is vitriol.

And if someone at Valve is reading this, please, for the love of all that is good, do something about this. I know the game is 16+ years old, but I also know this game still makes Valve money, a lot of money. It doesn't have to be kernel level anti-cheat, I agree that's too far, but please, do SOMETHING more for this cherished and beloved game. To let it rot away like this is a huge disservice, not only to the fans who continually pay you via this game's market and economy, but it is also a huge disservice to the legacy of this game that quite literally defined the FPS genre and the medium of gaming as a whole.",False,44972,1717608813,0.9937,positive
166744722,440,"#FixTF2
The first ban wave of cheaters/bot hoster is here, we shall remain cautiously optimistic, but it is a great first step in the right direction for the game, TF2 deserves so much more in my opinion.

original review for posterity :
(This game was the reason i made a steam account back in 2015, if it wasn't for this game i would not be into PC gaming, it stills makes money for valve and, to leave such a cool game to be taken over by scrips bots is trully a shame.

In this state, if you wnat to play the game sure but do not invest money into it at the moment.)",True,44054,1717606746,0.91,positive
166744645,440,i think this game has a future for autonomous cheat bots playing without human interaction whatsoever.,False,1322,1717606665,-0.296,negative
166744443,440,"Team Fortress 2 is perpetually overrun by aimbots, so any chance at playing a game without cheating interference is impossible. The guys behind all these bots will doxx, DDOS, and even swat anyone who attempts to fix the issue. Even the Mann Vs Machine, the PVE mode, is riddled with two groups of very hostile people.

Valve isn't a good company. The quality of their service has declined over the past decade. Their lack care for Team Fortress 2 is a shining example of how they will continue to ignore whatever doesn't affect their bottom line. Meanwhile, they will sink double or triple the value that fixing TF2 would be, instead developing this new ""Deadlock"" game just for it to never finish, or just fail on launch.

The only reason Valve as a company hasn't been put in its place is because all the competitors are in the 8 year championship of slamming their fingers in the car door. Hopefully this review changes something.",False,338,1717606444,0.5579,positive
166743269,440,"valve is and has been consistently terrible with their game support for the past decade and a half.

yes they made half life 2

yes they made portal

no, making a bunch of good games almost 2 decades ago does not excuse their terrible support for their diehard fanbases. their anti-cheat is more of a suggestion rather than an actual anti-cheat, their microtransactions are scummy at best and at worse literal scams (none of these items are worth ANYTHING that the steam marketplace says) and their fanbase is incredibly hypocritical to defend valves actions but then denounce other terrible companies (ea, activison, ubisoft etc) who do the exact same thing, overpriced microtransactions and broken games.

if you're a team fortress 2 fan, stop meatriding valve for literally doing the bare minimum, because all this glazing will end in another 2 years of radio silence and another ""90% of the tf2 player count is bots"".

keep your review at negative, keep holding valve accountable. if you pull another #savetf2 again and instantly stop the moment valve responds, the games death is on you.",False,4490,1717605228,-0.9787,negative
166742726,440,did we win? did valve really ban the bots?!,True,5225,1717604658,-0.1889,negative
166741098,440,"I'll probably be able to fall in love with this game.
Valve, fix your fucking anti-cheat.
https://save.tf/ GO HERE AND SIGN IT NOW",False,2783,1717603115,0.6369,positive
166740206,440,"I love team fortress 2, hell, I picked it up back in 2009 for $25, but given the state Valve has left the game in these last few years, really any of their competitive shooters with the paper thin VAC security, I can't in good conscience recommend any of them, be it TF2, Counterstrike, or their new game Deadlock that just got leaked, because they're all going to suffer the same botting problems that TF2 is experiencing now. 

I really hope that Valve will actually Fix TF2, but I won't hold my breath",False,9006,1717602211,-0.7158,negative
166738655,440,"If the bot problem happened on either CS or DOTA, they would have done something right away, hell, even CS2 had a cheating problem and people were fed up with their bullsh!t.

But this is worse than just a couple of morons cheating just to annoy people, there are basement dwellers tons of bots that would dox you if you talk too much about it, and Valve is responsible for all of this, promising doing something about it TWO YEARS AGO.

Did they do something? Nope.

Fix your sh!t up Valve.",False,16284,1717600641,-0.9555,negative
166738447,440,"BOTS BANNED, LETS GO.",True,26772,1717600450,-0.4588,negative
166737672,440,"Yooo, wouldn't it be dope if you, idk, [b][i]get rid of the cheaters and bot hosts?[/i][/b] Sounds pretty cool to me

Anyway, fix your crap, Valve, not only for this game, but for all your online games with VAC

[h1][b]We dive together, or not at all![/b][/h1] 
~slogan of the Helldivers 2 review bomb movement",False,984,1717599681,-0.6996,negative
166734827,440,Remove bots. Fix anti-cheat. and start supporting the game again. #FixTF2 #SaveTF2,False,3529,1717596861,0.4404,positive
166720544,440,"Fuck the Bots. Fix this Game and bring it back to it's former glory!

#fixtf2

Edit; #FixTF2 has worked! Updates to ban the cheaters and bots are now in effect. God bless TF2!",True,7292,1717576951,-0.5386,negative
166718951,440,I've been hearing about the aimbot problem in this game that's persisted over the last 2 years and it's gotten to the point where the game is no longer playable in it's current state.,False,2929,1717574154,-0.5994,negative
166718595,440,A great game with interesting mechanics ruined by a scourge of bots and poor anti-cheat,False,373734,1717573524,0.1531,positive
166717664,440,Valve seems to have fixed the cheating bots for now,True,87535,1717571867,-0.5574,negative
166715288,440,Dr. Sex (Yay ban waves),True,102681,1717567539,-0.5574,negative
166708569,440,"My favorite little piece of abandonware. 11/10 team based bot shooter and hat simulator. You can have a great time peeking out of spawn and dying to instakill sniper bots while the devs remove more and more features from public matches. 

EDIT: They banned the bots, we're so back.",True,125400,1717556718,0.6249,positive
166707990,440,"Valve has finally decided to begin doing maintenance for the game and has started to finally ban both bots and their hosters as well as continue to ban new bots created. I'm very happy with this outcome, and the game has become so much more enjoyable and playable. I started playing seriously about a month after the summer 2023 update dropped, and this is the best I've ever seen the game. I'm still skeptical of valve and how long they plan to upkeep this game but I'm happy nonetheless.",True,36909,1717555846,0.8646,positive
166704715,440,"I used to love this game, but haven't played for years because the aimbot invasion made it impossible to find playable servers. I hope they fix it.",False,32698,1717551711,0.5988,positive
166704679,440,Love this game. It has gotten better since the bots have been banned.,True,117784,1717551672,0.6249,positive
166704205,440,Wow! They actually made their anti-cheat work. Probably outsourced but a wins a win. Imma play it later today after work.,True,78034,1717551037,0.952,positive
166703950,440,"BAN THE CHEATERS. I CAN'T PLAY AGAINST AN AIMBOT!

EDIT: VALVE DID IT, REVIEW REVERSED!",True,13869,1717550725,-0.845,negative
166703682,440,"Even with the ban wave and the news about the 7th comic, it's important to make sure Valve doesn't abandon again",False,60456,1717550379,0.2278,positive
166703188,440,"#FixTF2

This game is fantastic and has a wonderful legacy, but the idlerbots and aimbots need to go. Valve, you need to spend some time fixing your anti-cheat and actually maintain the game you own",False,17010,1717549804,0.5647,positive
166702436,440,"at least 70% of the steam-reported player base is bots (item farming, cheaters, etc); valve refuses to fix their anti cheat and make the game baseline playable. cheating bots have infested the game for the better part of 5 years and valve has actively refused to fix it.

valve. i beg you. fix this game.

tf2 is the reason I'm into PC gaming. don't let it be the reason it discourages someone from getting into it.

I will unironically apply for a job at valve if it means theres a shot at getting tf2 fixed.",False,51032,1717548968,-0.8934,negative
166702382,440,"The first thing you see when you open the game is the Valve Logo Screen

The second thing you see is a sniper hacker bot with a racist name.

",False,75549,1717548914,-0.6124,negative
166701422,440,"The State of Source Multiplayer is growing increasingly abysmal, games like TF2 and Left For Dead 2 are both extremely well designed games that would have stood the test of time with their iconic design, characters, mechanics, etc if the games were actually in a playable state. Valve, how do you expect any new releases to function if you show how easy it is for people to break your games here? For Everyone's sake update the anti cheat, fix the bots, and stop ignoring these games, it will not only harm the player base, but your own future products if you don't put your foot down and fix what you have, what literal hundreds of thousands of people know you for. #Fixtf2",False,6938,1717547831,-0.2683,negative
166699448,440,Bots with aimbot ruining the fun,False,4005,1717545482,0.3182,positive
166698902,440,"Ban waves on bot hosts seem to be happening regularly, thank you!

My below commment is not relevant, for the moment.
The company with an infinite money glitch via distribution can't maintain its own games. Very sad.",True,42874,1717544813,-0.6989,negative
166698808,440,"Too many bots and hackers. Makes the game unplayable.

Edit: Seems like they banned them. Yippee!",True,51811,1717544688,-0.2003,negative
166697454,440,"Edited message: THIS REVIEW STAYS NEGATIVE UNTIL WE SEE PERMANENT RESULTS! DEPLOY A WORKING ANTI-CHEAT! REMOVING BOTS DOES NOT ENTIRELY STOP THEM!

After 2000 hours of the game on this account alone. I've grown tired of the constant harassment of bots. I've played this game on and off throughout the early days of it but not as much as I did when the pandemic hit. It was my go to game and I enjoyed it. Bots existed at this point but they was manageable. Eventually they became too much. I'm tired of calling it the norm and tired of not being able to play the game.

WE NEED A WORKING ANTI CHEAT AND WE NEED TO PUNISH THOSE WHO ARE HELD ACCOUNTABLE FOR HOSTING THESE BOT NETWORKS DOXING AND DEFAMING THOSE WHO STAND UP AGAINST THEM. VALVE WE HAVE SAT DOWN AND ACCEPT THIS FATE FOR TOO LONG. TAKE ACTION OR LOSE OUT ON ONE OF YOUR BEST GOLDEN AGE FPS GAMES THAT HAD INTRODUCED MANY LIKE MYSELF TO THE ENJOYMENT OF THESE TYPE OF GAMES!",False,132187,1717543012,-0.3999,negative
166696889,440,"Game was great back in the day, now when you join its just cheating sniper bots spamming chat with pay links that will make them ignore you.


This problem seems fixed for now",True,90142,1717542307,-0.7184,negative
166694351,440,"This game has encapsulated my childhood but unfortunately has been left to rot by Valve, while they continue to offer crates and market interactions for profit while being borderline unplayable at certain times of the day. VAC is a joke and so is the SaveTF2 & FixTF2 ""movements"" as Valve simply does not care.",False,407037,1717539166,0.4133,positive
166693368,440,"I'm sorry, Valve. This is a sacrifice I'm willing to take. #FixTF2
Update, they banned the bots yay",True,10466,1717538054,0.0258,neutral
166693192,440,"7/11/24
Good news! Valve has banned the bots!

6/4/24
The game itself is a classic and like the only online fps I actually like, but as of now I would not recommend newcomers pick up the game or spend any money on it, as casual is nearly unplayable due to bots Valve refuses to fix. VAC and any game that uses it in its current state is essentially Valve Allowing Cheating. #fixtf2",True,22070,1717537839,-0.6704,negative
166692502,440,">be Valve
>create one of the most iconic and beloved by players multiplayer game ever made
>add more new content and keep the game alive for 10 years
>give your players a good times in your game that they will remember with warmth to this day
>one day just stop growing your game
>watch your game get slowly destroyed by cheating bots who insta-kill and kick legit players in 99% lobbies
>let your game become an absolutely unplayable mess
>do absolutely nothing with this except adding new paid content like crates, keys and skins ^^

I'm sorry, TF2, you deserve more love than your ""parent"" gives you.
I still love this game for all the enjoyable moments it gave me since 2014, but in its current form it's just unplayable.

#FixTF2",False,94589,1717537123,0.8194,positive
166691980,440,"Valve fix your game and give us an actual anti-cheat, like you promised to do in 2022! #FixTF2",False,4896,1717536584,0.6476,positive
166688633,440,VAC has been a joke for long enough now,False,1512,1717533126,0.296,positive
166687478,440,"#FixTF2.

Stop neglecting one of your most beloved games ever made on Steam, don't let down a community that have been through thick and thin and are unfortunately now at their wits end. Devote a small amount of your resources keeping everyone happy so we will show our appreciation through buying more crates and hats. Attack the botters where it hurts, make it as impractical as possible for them to cheat.",False,21787,1717531956,-0.3626,negative
166686594,440,"Game is in absolute terrible state. Bots, cheater, neglect of valve. I love this game. I think its one of the best FPS of all time. And I think people should review-bomb it and stop spending money on cases.  To show valve that there will be consequences.
(also, even if valve shut downs server, we still have community servers)",False,64289,1717531083,-0.34,negative
166686344,440,"TF2 is one of ""the"" video games for me and has been one of the corner stones of my gaming experience for my entire life. It has been abandoned to the point where the game has been almost unplayable in its casual mode since 2020.

I love TF2, but this has to change. Even if the game is not in its prime anymore, does Valve want to see one of its most popular games go down as a stain on their prestigious legacy?

Valve has been (or was)  the innovator in the gaming industry ever since their inception with the creation of Half Life. Maybe it is time for them to innovate once more and create the anti cheat to beat all anti cheats to save not only TF2, but CS2 and Deadlock, once it is inevitably botted, as well.

#FixTF2 #SaveTF2


",False,99345,1717530878,0.7819,positive
166684899,440,It's hard to get excited for the next new Valve game if they cannot fix botting and cheating issues on their current games like TF2 and CS2. Pretty sad.,False,17968,1717529457,-0.0,neutral
166683935,440,"The bots have ruined this game and made it practically unplayable unless you go to community servers and those are the laggiest things I've ever been in (I have a terrible pc) and casual is fucked. Ever single server I go into there is a bot or an entire server of bots. VALVE YOU HAVE TO FIX THIS THERE IS NO EXCUSE FOR YOUR ABANDONMENT OF THIS AMAZING GAME THAT YOU SPENT YEARS CREATING AND ITS BEING DESTROYED #FIXTF2 | And then something happened, they did something. They banned the bots and the people making them, shit one even got doxxed, (fucking deserved in my opinion)discord got nuked and valve is still doing this, and helping us. Thank you valve (for now. you fucks there wont be forgiven this easily especially if you just let em back in the next week or month.)",True,46508,1717528496,-0.9496,negative
166682778,440,"EDIT (08/02/24): After seeing the work put in to ban the aimbots and provide a summer update with quality maps, I'm willing to change my review to a positive one. I'm glad to see that TF2 is once again ""the most fun you can have online"". I hope that the devs continue to provide support to keep that statement true.

Original Review (06/04/24):

This is the game I have the most hours in across all games on every platform. It truly was a timeless masterpiece I kept going back to due to its fun gameplay and unique community. I say ""was"" because unfortunately, Valve is neglecting the game to the point where aimbots have completely taken over TF2's casual servers for nearly 5 years, making it unplayable. While community servers remain bot-free and keep the community intact, it's hard to recommend this game to newer players whose first experience would be joining a casual server, getting their ears blasted by bots spamming in voice chat, seeing racist, homophobic, and/or transphobic messages in text chat, and getting killed instantly by an aimbot.

Amidst all of this, Valve has done nearly nothing to fix the issue. Occasionally, an update comes out that breaks all the bots, but that's only temporarily, as they come back within the next day or two. About two years ago, Valve made a tweet saying that they hear us and are attempting to fix the issue. Ever since then, there's been radio silence. And yet, Valve continues to monetize this game by pushing cosmetic items and loot boxes. The whole topic of loot boxes is an entirely different topic, but I would have no issue with them doing this if the game wasn't in the sad state that it's in. The fact that Valve is still profiting off an unplayable game is shameful, and I expect better from them with the legacy they have.

Currently, I cannot recommend this game to anyone with all the aimbots overrunning casual servers. It's quite literally in an unplayable state. Should Valve commit to the promise they made two years ago and fix the botting issue, I will happily change my review to a positive one. As it stands right now though, I'm hurt to see such a legendary game in the first person shooter genre fall into the state that it's in. Do better Valve, fix TF2.",True,274648,1717527415,0.985,positive
166682537,440,"my favourite game of all time, most played game of all time. will probably remain so for years to come.

sure wish I could play it on official servers without aimbot bots ruining everything, and that valve would lift a finger to fix their game.",False,59276,1717527180,0.87,positive
166682392,440,"It's time Valve did something for this title that has persisted for YEARS
It's time we bring down those willing to exploit, DDOS, SWAT, and generally ruin the fun of the game for everyone else with intrusive music, aimbot-fake-snipers, the racial slur sewage spewed over mic, and other horrendous things that Valve has let slide, for FAR too long. I had loved this game when I was younger, the community has stayed strong for years despite the rusting of everything, TEAM FORTRESS TWO DESERVES TO LIVE!

#FixTF2 #SignThePetition",False,65422,1717527048,0.4199,positive
166677253,440,"My Favourite game in the world...but valve gave up on such a wonderful beautiful game and gaming experience, too work on dead beat new games that will die in 2 days and loose money making trashy games, if they gave tf2 new updates new guns and cared for the game and community alot more they'd be even richer and tf2 will never die but at this point with the bot crisis and us getting the silent treatment from valve for years i hate to say this from deep in my heart but tf2 wont live long unless it gets the help and care the game truly needs updates and new guns game modes and all the bots removed and better anti cheat software things that will forever keep the game alive <3",False,192250,1717522039,0.5927,positive
166676641,440,great game that turned so shit due to botting that the kid growing on tf2 want to make anti-cheat instead of video game.,False,43377,1717521508,0.1239,positive
166675517,440,"""VAC is not an anticheat, it's a suggestion.""",False,14976,1717520553,0.0,neutral
166674830,440,"Edit: As of now Valve banned all the bots and I haven´t run into any within the last 30 hours of playing. So 90% of this review talking about bots is basically nulliefied. I am overjoyed about this fact. Go play this game, best game of all time, etc.. If the bots return I won´t hesitate to change this review again ... Valve ( ͡ಠ ʖ̯ ͡ಠ). (Bye bye all the people that gave the negative review a thumps up, since the recommendation changes they all get deleted)

This is my favourite game of all time. Even if it's old, the gameplay is still one of the best experiences I ever had in gaming. I played the Overwatchs, Valorants and The Finals of this world and enjoyed them. But nothing hits as many marks as this game. Sadly, casual mode has been flooded with hacking bots for years now, making it close to impossible to play an evening with you and your buddies without encountering a load of them on every server you get matched on. 

This can go the following ways:
- There are a few bots on the server. Which, after coordinating with your team get votekicked out. Everyone is happy, team 
   numbers are now unbalanced until autobalance decides to do something about it. You can play the game for up to half an 
   hour untill the next bots join the server, repeating the cycle.
- The server you're joining, or the one you cleansed half an hour ago, gets filled with bots that due to their amount or lack 
  of teamcoordination cant be votekicked. Leading to either the bots kicking you from the server, forcing a requeue or you 
  giving up on the server and requeuing yourself willingly.
- The server you get into is a happy place without any bots on which you can play until we cycle back to the first and 
  second point mentioned.

Over the years I had a lot of fun here, played casual, played competitive, participated in the trading community, joined silly community servers, found some of my now closest friends, even a relationship at some point. I have a thousand good memories that I would not want to miss. Now I can't recommend anyone I know to play the game with me. I used to bring people to play with me from other areas of my life and they had a blast. I can't do that nowadays because of the frustrating cycle mentioned above. The game's gameplay and the people in it used to speak for themselves in showing its appeal.

If you read a bit into the bot problem, you start to realize the almost mafia-like structures that seemed to have been built around it and the levels of harassment anyone speaking out against these issues has to face. From doxxing to swatting, everything is possible. You just start to wonder how the hell this could have happened in any way, shape or form.

My biggest hope would be that Valve gets to fix all of this and that I, some months down the line, can add an edit note to this review that says :""Everything is fine again, lol"", but I can't do that for now. The last time I heard a Valve employee mention the bot crisis casually, they talked about not doing anything about it.

I haven't bought anything from either the in-game store or the community market related to TF2 items in a while, maybe that could help ... I dont know to be honest. Here is me hoping Valve cares about a revenue stream getting smaller. Even if it's grasping at straws. If I managed to convince one person to join me in that protest, this review was worth it.

Overall, I'm just sad. I used to love this game. If I think about TF2 nowadays, I think back to all the great times I had with it ... and then mentally add: “A shame what happened to it.”

What's left for me from this game? It's either something like TF2Classic, which isn't too hard to set up but not as convenient as clicking install on Steam, leaving a few friends out already. Or joining community servers with playerbases that have a different kind of mindset than the casual experience I'm so fond of.

As a closing statement, I'm going to quote FUNKe from a video he made around 2–3 years ago: 
“I love TF2, and I miss it.”",True,191025,1717519896,0.9978,positive
166674784,440,"I wish I could recommend this game to new players. This is, in my opinion, the greatest FPS on Steam. Unfortunately, in its current state, it's practically unplayable. Bots will fill practically every lobby. I love this game! Just give us a functioning anti-cheat! 

#FixTF2",False,45147,1717519843,0.9167,positive
166674304,440,Pretty much abandoned by the dev team and non-existent anti-cheat. At least the bot problem is fixed though!,True,43113,1717519403,-0.4199,negative
166667619,440,"This game is infested with cheater bots and hasn't had a real update in years. Valve have left this game to rot, they could easily update VAC and put in the work to fix it, but they actively choose not to.",False,61867,1717512897,0.34,positive
166667618,440,"I've really loved playing this game for many many years. This is one of my most played games ever, and I used to jump into casual games without issues all the time. However, it's been extremely hard to play for the past 5 years. Casual servers would be filled to the brim with bots. They would spam the mic and kill you instantly with aimbot. They would steal your profile name and picture so real people wouldn't know who to kick. The bots can even initiate votes to kick real players. If you join a game already infested with them, you're better off just leaving and finding a new one. Even if you find a match with majority real players, you have to keep kicking the bots who do join before they take over the server, becoming extremely distracting.

I went from playing this game all the time, to practically not at all. I really hope they fix the game, because underneath it all, is an amazing game I would totally recommend otherwise.

#FixTF2
____________________________________

Update: Valve has definitely done something because the game has been cleaned up a lot in terms of the bots. Games are now playable and it's so nice to be able to jump into even a casual public lobby without having to worry about being it being overrun with them. I've updated my review!",True,109464,1717512895,0.9793,positive
166666558,440,"[h1]BASED VALVE[/h1] 
Bots banned. TF2 Saved",True,27121,1717511841,-0.0516,negative
166666120,440,"Valve has gotten rid of the bots, and at least for now, is continuing to push ban waves to keep them at bay.

That in mind, now is as good of a time as any to get into this game or return. While they haven't really done any balancing for years, they continue to add community made maps to the game, substantially increasing the content. 

You really can't find this perfect blend of silly, casual, and sweaty anywhere else. This game is whatever you want it to be.

Also hats.",True,88082,1717511393,0.7073,positive
166663161,440,"Here's a list to do for the janitor that's still working on this game:
A working anti cheat to solve the hacking issue with bots in servers.
Some kind of preventive method to disallow the use of text only clients to prevent afk bots farming items and inflating the real player numbers.
Fix your game valve, your recent performance with cs2 with all its bugs and bots has been disappointing, make it up for the communities.
#Fixtf2",False,48470,1717508348,-0.765,negative
166662147,440,"The state this game has been left in for 5 whole years is completely and utterly, disgustingly unacceptable. As someone who has played this game since 2008, I've watched this game sink into the clutches of the worst of our community. This game is not run by Valve. It is run by the cheater community, while the rest of us legitimate players who truly love the game for what it is, are punished for doing so. Traders, and collectors like myself, have shoveled thousands of dollars into this game, providing it the funding it, and Valve needs to keep maintaining the game- But they don't.

Valve, you need to get the fuck up off your ass and fix VAC, prosecute the ACTUAL CRIMINALS running rampant all over your game, and FIX the FUCKING BOTS. Cheaters are EZ. Experienced/skilled players have no problem shutting them down until they rage quit. The problem, is matches being overrun by players that don't exist. STOP people from HOSTING HUNDREDS OF BOTS. HIRE a MODERATION team, or FIX VAC, or TELL US YOU WILL NEVER SAVE US. #FIXTF2",False,181130,1717507285,-0.9922,negative
166662030,440,"Valve has banned the bots. Tf2's life is healing and I am in love with gaming again. Thank you Valve. Please, keep this up, we want to love your games.",True,147590,1717507160,0.8885,positive
166661530,440,"This game is absolute filth, the game is full of nothing but toxic weirdos nowadays, even the ones that aren't cheating.

Valve will keep the servers online as long as the game makes money but i seriously do not recommend even touching this slop. God forbid not even mentioning the optimisation, or the horde of things you have to install to make the game even run remotely well. Even if all the problems get fixed i don't see this game living much longer. Don't play this garbage.",False,13269,1717506637,0.2589,positive
166661355,440,"Let me just say i love TF2 and the community. I bought the game back in 2007 and have been playing consistently for almost 17 years. It is so disappointing to see valve not care about fixing the bot crisis in the game – they rubbed salt in the wounds 2 years ago during the previous save TF2 movement by saying they recognise the issue and are working on it – then crickets…. Nothing, nada – a big donkey punch to the back of the head – they will happily take our money and rely almost exclusively on the community for new maps and cosmetics yet treat the player base with contempt

It is such a shame what the game has become and causal mode is often unplayable. More recently I became aware of the mammoth idle bot numbers that over-inflate the player base and market which drive up the prices on keys. I mean how on earth can someone create a personal vac server that is not accessible on the community server list, fill it with idle bots they own to earn loot drops which they then package up and sell on market places.

I watched Uncle Danes latest video which mad me mad at valve: https://www.youtube.com/watch?v=82B38TaawfE 

Then this TF2 video on idle bot crisis made me more mad and sad: https://www.youtube.com/watch?v=nnuxHZm73PU

I really hope I’ll be able to play this game with my son, but maybe that’s just a pipe dream. Please sell the game Gabe to a developer company that will actually do something about the problem if you dont have the spine to do anything

#FIXTF2 – https://save.tf
",False,466927,1717506444,-0.7405,negative
166660827,440,"Edit #1
they got rid of the bots, and game banned a CRAP-TON of cheaters, however no official response has been made, prolly to avoid cheaters and bot hosters adapting to the bans.

Edit #2 it seems player reporting now works in game, the summer update is fun as hell but people are still reporting seeing cheaters but now that player reporting seems to work, we should see more cheaters getting banned.

Edit #3 Still no bots. well done valve!

Edit #4 WTF STILL NO BOTS!!11!!!?? ZOMG",True,72316,1717505857,-0.9865,negative
166660073,440,Due to Valve's negligence the game has been dying as these bots are unstoppable. It would only a simple VAC update to fix the game and stop the bots from flooding in. Yet they continue to do nothing and still profit off the game.,False,42107,1717505009,-0.6604,negative
166659342,440,Downvoting for Valve's continued neglect in failing to stop bots and cheating.,False,98537,1717504125,-0.9022,negative
166659033,440," Valve, make a function anti cheat software for your fucking game i cannot play anymore without playing russian roulette where i end up a server full of bots and i either get kicked or have to convince everyone else to kick the bots. 
jesus christ, JUST SAY SOMETHING! IT HAS BEEN LIKE 3 YEARS AND THE PROBLEM IS STILL HERE. THE WHOLE TIME I HAVE BEEN PLAYING TF2 THIS HAS BEEN THE BIGGEST PROBLEM",False,11132,1717503739,-0.8217,negative
166658848,440,"The current state of TF2 is unacceptable. During certain hours the game becomes unplayable as it is Overrun with Bots that are blantaly cheating. The VAC anti cheat system does literally nothing at this point. What was Valves solution? Remove the Chat function from Free accounts. Back then we were all hoping that this would be a temporary solution against Bots that would Spam chat to the point Players could no longer communicate with each other. But now it has been like this for YEARS. That is right. If you are a FREE TO PLAY player of TF2 you are unable to use the chat function. The CHAT FUNCTION. TF2 is the only game I know that has put a PAYWALL on a CHAT FUNCTION. 

FIX YOUR GAME VALVE! FIX TF2",False,135699,1717503518,0.9168,positive
166657422,440,they banned the bots!,True,3540,1717501720,-0.5093,negative
166657314,440,So many good memories playing this in college before it went F2P. I tried playing it recently and someone with an aimbot was yelling racial slurs in my very first match-uninstalled. Such a shame that valve has given up on this once great game.,False,22606,1717501582,0.7769,positive
166657131,440,"The script kiddies drove me away from this game in the past. 
I hope that Valve fixes this.",False,172836,1717501331,0.4404,positive
166655595,440,"I love this game, but the current state of the game remains unfixed and neglected for far too long, why?
the game is swatted bots, aimbotting snipers, trader bots and idlers resulting in a influx of ""player"" numbers
the vac anti cheat gets defeated very easily hence why valve needs to do something about it, they know about the bot crisis but never did anything about but very little. the game needs the fix it screams for, Valve if you're reading this please make a change on the anti cheat thats all we ask for. 

#fixtf2 #savetf2",False,46260,1717499266,-0.9736,negative
166655143,440,"This game as been a major part of my online life since it came out. Even way back before I had a computer to play games on, I'd always see mentlegen and pootis memes. I'd watch SFMs and GMod clips. But for the past 5 years the game is virtually impossible to play as intended because of a massive bot problem, thousands at the least of bots that play sniper primarily that use aimbot to instantly kill you. A few years ago Valve decided to limit free to play account's access to voice and text chat, thinking it would at least stop the racist comments said by the bots. Instead, the bot hosters just paid to unlock those bot accounts, leaving actual free to play accounts to even call for a medic, and in a way this means Valve has directly profited off of malicious actors, because the VAC system is an honest joke of an anti cheat; third party anti cheats ran on community servers works better than Valve's own software. We aren't asking for a major update, or the final comic any more. All we're asking is for Valve to step up and show that they're at least trying to fix this problem that their laziness and severe lack of communication have allowed to happen. As it stands right now Casual mode, the mode that Valve INTENDED us to play, in next to impossible to use. #FixTF2",False,233622,1717498644,0.25,positive
166653264,440,"I've played Team Fortress 2 since 2012, and it's probably my favorite game of all time. It has amazing mechanical depth, and has tremendous staying power. An average active playerbase of around 30,000 players (discounting Idle bots and trade bots that run the game all hours) is really good for a game this old.

Which is why the cheaterbots are such a frustrating problem! I have tried to introduce multiple people to the game in the last 4 years, and in addition to explaining the mechanics of the game I have to say ""oh yeah, sometimes the server just gets flooded with aimbots that play music over the voice chat, just deal with it!"" 

Do you have any idea how discouraging that is for newbies?

It is rare to see any game, let alone a multiplayer pvp game, have active players for over a decade. It is even more rare for that game to have people making new art, discussions, and new items to be used in that game, and TF2 has both in spades.

And yet, if I want to *play* this amazing game? I'm lucky if I can get into a casual match with people after 10 minutes of queueing and re-queueing from all the bots.

Please Valve, put down your shiny new toys like the Steam Deck and Deadlock for a few weeks and have some folks work on an anti-cheat or SOMETHING. Counter Strike 2 has a similar issue with cheaters and could also heavily benefit, as could your new projects!

I'm tired of the nonsense, the delaying tactics, and the lack of communication. Just Fix TF2 already. Either fix it or hand it to somebody that will, since you don't seem to care.",False,87949,1717495978,0.9477,positive
166651342,440,bots were banned and now it is possible to play on casual,True,23944,1717493072,0.0516,positive
166651118,440,"I've been playing TF2 for... a long time. I absolutely love this game to death. Easily, one of my favorites.

HOWEVER, this game has faced a severe neglect from Valve, to the point where the only thing we get are cosmetics and maps (some of which are mid at best, or dogwater at worst). And THE BIGGEST PROBLEM this game is suffering with right now - is the absolute cesspool of aim-assist BOTS that are flooding the Casual Mode servers en masses, the main servers for an average player to play on. Due to Valve's neglect over the past couple of years, the Bot issue has become absolutely... a massive phücking problem. These bots are promoting hate speech, spouting all sorts of offensive messages, all while flooding the servers to the point where the 99% of the players on the server are bots. Not to mention all the shit that the ""people"" who host these bots have been up to. We're talking targeted harassment, DDoSing the servers for any unfortunate folks, and straight up DOXXING of various individuals who have spoken against them. This situation have gone out of hand... And VALVE is doing ABSOLUTELY NOTHING. 

ENOUGH is ENOUGH. Valve needs to finally wake up and face the issue head-on. We're talking an update to the absolute dogwater VAC, that hasn't been doing it's job at all. Anything to get rid of the bots, FOR GOOD. This time, no amount of ""muting F2P accounts"" or restricting accounts will do. And certainly, NO half-assed Tweets will do. We want to see ACTION. NOT WORDS.

If Valve will continue to neglect TF2, it only shows how much they are willing to neglect OTHER games, if they want to. 

Valve, it's time to wake up. Please, tackle the botting issue head-on. No empty promises this time. All eyes are on YOU.

ARE YOU WITH US? OR ARE YOU AGAINST US?

#FIXTF2",False,422053,1717492765,-0.9217,negative
166650598,440,"what a nice hat simulator, i love it















































please VALVe consider remaking VAC, it doesnt do its job well",True,30343,1717491911,0.886,positive
166648092,440,"I love this game. It has been a very important part of my life, and I hate to see it in its current state. Obviously best case scenario is Valve doing something big and effective, but I'm a realist, so I think the best path forward is stopping official server support and simply make the community run the game via self hosted servers (as it was originally). Casual, when neglected, is simply the worst system possible for a situation like this. Anti cheat is treadmill work, and they're not willing to do that. There is NO one and done solution.",False,250028,1717487859,-0.3161,negative
166647409,440,"Valve kindly actually do something with this game instead of just leaving it int he dust. Add some new stuff, fix your awful anti-cheat and just give this game some love. #fixTF2",False,12406,1717486611,0.6597,positive
166646061,440,"I would love to recommend this game to everyone I could, but the sad truth about this game is that Valve does not care about this game. They do not care about the integrity of the game, the future this game could have, and they definitely do not care about its player base. You are just a walking-talking wallet to Valve, and the less they show care for this game, the less I can tell people to play.

Bots have ruined the game Valve, you said you would fix the problem two years ago, and yet nothing has changed, not a single thing. I will not support you any further unless this game and your other games that also run on Valve Anti Cheat get fixed too.",False,17201,1717484403,-0.9643,negative
166645868,440,"UPDATE: Wow valve is actually fixing it, many bots and most bot hosters are perma banned (and some are crying about it lmao). im still keeping up the review as i still want to help keep pressure on valve but im actually surprised. If this continues and if some how daddy Gabe starts to update the game than TF2 can reclaim its former glory!

This was a great game but due to valve's laziness and greed this game has been ruined. Bots have taken over the game and have made it unplayable on casual servers. Not only that, but the last update was 7 YEARS AGO. This game has been abandoned by valve and the only way for this game to return to it's former glory is for valve to get off their asses and actually work on one of their most successful games.",False,12267,1717484086,0.9401,positive
166645315,440,"Cheater bots seems to be gone for good, at least for now. So, I'll recommend it again for the time being.",True,86155,1717483167,0.2911,positive
166643483,440,"The main way to play the game is overrun by cheating bots, third-party AI players with aimbot accuracy with the sole purpose of ruining the game. The developer, Valve has ignored the issue for around 4 years despite continuing to operate and update the game's microtransaction store. #FixTF2",False,232938,1717480081,-0.6705,negative
166643445,440,"Reviews are for new players deciding if they want to choose an exciting new game to spend their time on. What then is the new player experience for TF2 in the year 2024? 

You, Bright Eyed New Player, hits the Casual browser and queues into a random Valve-run server. The first experience you are likely to get as soon as you load into a game, even prior to seeing the class select screen? Some bot spamming obnoxious profanities into your ears at max volume. You are then immediately kicked before understanding what is happening.

 A slightly more generous take on what could be your experience, prospective New Player. You choose a class (Lets be real, probably Scout), walk out of spawn, and are immediately headshot by the legion of spinning hackers on the enemy team. You search for the keybind to ask you team what happened only to be greeted by this message ""voice/text chat is not allowed on this account"". A quick search online tells you that you cannot communicate in any way unless you pay Valve money. Ostensibly this is to counter bots, though you will likely have already encountered many bots spamming racism and hate into the chat and into your ears. You are then promptly kicked from the server. 

So you finally get a server where you aren't immediately kicked in under 10 seconds by spinning bots shouting profanities and actually get to play a round of TF2. Except you are still headshot immediately by a sniper within half a second of leaving spawn. But this cannot be a bot, no, they have hats and are proclaiming in chat that they are human. They even have a couple friends backing them up, so they must certainly just be incredible at the game and using some item to see you through walls and while invisible. You then proceed to have ""The most fun you can have online"" and are stuck in spawn by a hacker for the whole round with nary a chance of pushing out. 

By all means, if this seems fun for you download the game.
Roll the dice to see which of the above options will be your experience.
Maybe you get astoundingly lucky and get a server that can deal with bots after a few minutes and can play a somewhat normal round.
Its unlikely, but possible.
Maybe you search online and find a server that Valve does not run that is free from bots, queue for a year waiting for a spot to join and immediately get stomped by people with literal thousands of hours of experience. 
This is considered the ""Good"" option by many players.

This used to be ""The Most Fun You Can Have Online"" some years ago, but now the game is something you must struggle against to have fun. Truly, I have no idea how a new player is supposed to experience TF2 as it was in the glory days.",False,101615,1717480013,0.9953,positive
166643316,440,"this is a really odd review to write. tf2 is one of my favorite games of all time. i adore the gameplay, the characters, the world, fuck, even the hats add a fun extra layer for those who wish to dip their toes into it. i LOVE tf2. and yet, i cannot in good conscience tell anyone new ""hey, you should play this game."" because they shouldn't. 

playing tf2 is almost like entering a toxic relationship. playing tf2 is almost like growing ever closer to a dying family member. and the word ""almost"" is doing some heavy lifting there, for the record. a toxic relationship is only fixable by cutting it off. a dying family member can only be helped for so long. either way, it's largely out of anyone's control.

this is not the case with our beloved game. we live in an environment where there are people who can fix the problem-- not easily, mind you, because cheaters dedicate their entire lives to ruining the fun of others, and tf2 has been their playground for so long-- theyre not going to let themselves get kicked out so easily. but... that's no excuse for valve, the people with the means to counteract the cheater's offensive, to roll over and let the game die an untimely death. 

tf2 has the community to live forever. so long as there's server support for the game, people WILL play it. but it's a sick, rotting game, one that the community has no choice but to cry out in the name of, /begging/ for something to change. it's not in our hands anymore. this is the last thing we can do. 

valve, please fix.",False,324615,1717479767,-0.7679,negative
166642768,440,"I would have recommended this game to anybody and everybody five years ago. However it has been in an unplayable state in the casual matchmaking servers for that long (These servers are run by Valve, the game developers). Hacker bots that are computer scripts hosted by people are in almost every single match in these servers. They usually pick sniper and they head shot any enemy (unless the enemy is also a bot) the moment they are within line of sight. From my experience, it will take at minimum 4 times joining a match, leaving it, and joining another one until you find a match that DOES NOT contain these bots.

Until Valve fixes these issues, this game is not worth your time as a new player.

#fixtf2

Edit : 

This review will stay negative until an actual fix for the problem is implemented, or they keep up the ban waves on a consistent basis so no bots are in games. 

For now a ban wave was sent out that banned somewhere around 16 thousand bots, and currently as of 6/26/24 I cannot find a game that has a single bot in it. The bots will come back at some point however.",False,23047,1717478771,-0.9765,negative
166640710,440,"In Team Fortress 2's current state, I begrudgingly cannot recommend this title to anyone right now. I'm not one to usually post reviews on well...anything. However, I want to also throw my voice out there and let people know that this game is not at all in a playable state due to the bot and cheater issue. 

I first played TF2 on an old account that I had back in 2011. I LOVED the game the first time I played it. However, I never had a great computer to run it. It ran at less than 30 fps, and the graphics were awful, yet I still played because I still loved it. 

Fast forward 13+ years and I'm playing it again at a pace that I always wanted to play at since I was younger. Only to meet consistent cheaters and bots. I've followed this game for years, always keeping up with the updates that came out, always watching my favorite TF2 youtubers like LazyPurple, Elmaxo, and of course Uncle Dane.

Ever since the bots were first being spotted on mass I knew something was wrong. Something clearly happened at Valve to let this happen. I know the few devs who are still actively working on TF2 are working day and night are trying to do what they can. They just simply do not have the support they so clearly need to sustain this game. 

Please Valve, please #SaveTF2. You won't regret it.",False,4556,1717475315,0.9531,positive
166640080,440,"Botting and cheating are not nearly the problems they were in recent history. Casual is more than playable again, and while the game hasn't been fully restored to its full former glory, this is quite the improvement. I'd love to see a future major update.",True,39236,1717474310,0.8475,positive
166640003,440,"Valve has still not fixed the bot problem, player numbers are still greatly inflated because of bots as shown by comparing steamdb charts and the teamworkTF charts. 
The ban wave did practically nothing except show valve will do the bare minimum just to say they did something.
Even a simple CAPTCHA upon launching the game would do more and effects last longer than what valve has done.
#FixTF2 #SaveTF2",False,14810,1717474183,-0.743,negative
166639834,440,"Mate, seeing its state makes me sad becuase ive spent all these hours on it. Valve, please give us a working anti-cheat.",False,67371,1717473896,-0.2023,negative
166639768,440,"It was a great time to be a TF2 player, until Valve stopped any attempt to fight against bots.
Now you can barely play the game on the official servers without being instakilled by an aimbot.

We also haven't geen a major update since summer 2017.

Horrible experience nowadays.

#FixTF2",False,82792,1717473805,-0.2006,negative
166637746,440,"Here's the thing, it's an amazing game, amazing experiences, full of fun moments, the community is cool at times and one of the best games that could be open to anybody!

Now that's the thing valve software, this game is loved, is very fun, but you cannot just drop it entirely for years and then say things will be fine when the game is, you guessed it, really unplayable on it's main game mode due to it's many cheating reports and plentiful amount of exploits. Please just pay attention to the amazing amount of people this game has put together and actually work on the game, at least make the experience stable once again. It's already bad enough that the game's story is unfinished after decades of existence, which has happened more than twice on these franchises. Please listen up.",False,180875,1717470764,0.9438,positive
166637736,440,"Christmas Day 2010. After a day of opening presents, late into the night, I open up my laptop next to my older brother and he pulls up this very page, and inputs his credit card details to pay the $20 to buy me this game. This was all I wanted when I was 12. I thought about this game so much it consumed me, and that one generous purchase gave me 13 and a half years of pure joy. I have played or thought about this game for a majority of my lifetime. It is still in my Top 5 favorite of all time.

And it's not just me. This game is a cultural touchstone. Every single one of these characters has been recognized or at least noticed not only by people who have never played TF2, but by people who don't play video games. Their feature in SFM shorts has influenced film making. Its class-based team shooter formula has been copied by titles far more successful than it is today- titles that Valve is now borrowing game elements from. Its characters are a textbook example in visual design. And all of that still isn't enough for Valve to consider giving the game some tender love and care.

And what puzzles me most about this lack of investment is that it seems to be unjustifiable in terms of a business perspective. With this loyal of a fanbase spending regular amounts of money on in-game purchases, and this much of an outcry over the state of a beloved cultural icon, I would only assume that a legitimate update on this game, that would not only fix the bots but also add new content, would get its investment back within minutes of its release, and generate tons of revenue. And we aren't even asking for an update. We're just asking for a fix to the bots, so that we can go back to the game that has defined so many of our lives.

I hope Deadlock succeeds. I genuinely do. Because if it fails, I can only think of one reason why it would- neglect. Valve as a company seems to be infallible in the eyes of its fans. That Photoshop of Gabe Newell as Jesus is so ubiquitous I have no idea what the original looks like. But if Deadlock is going to function as a game, it's going to need a different anti-cheat than VAC. And if Deadlock can use something other than VAC, so can TF2, I can only assume. Maybe that's not the solution. Maybe it's much more complex than that, but Deadlock will face the same challenges TF2 does, and I genuinely believe that fixing TF2 would not come at the cost of their current project. If it would, I would really love to know why. 

This review is rambly now, and I hate editing, so I'll end here. To call TF2 a great game doesn't even make sense. This is one of the most influential pieces of media in the past two decades. And I'm about to uninstall it.",False,88074,1717470756,0.9848,positive
166636865,440,"I have played TF2 for years. It has become a broken mess filled to the brim with bots, with no recourse for players. The most recent ban wave is just a bandage on the situation, at least it is now playable. Meet your Match was one of the worst updates of all time and it has been left abandoned. It needs to be fixed. #fixTF2

 This shit needs to be fixed or I will have to intervene.",True,129309,1717469515,-0.9637,negative
166636709,440,"This game is filled with cheaters, at the time of this review tf2 has 87 thousand players. i doubt 30k of them are actually real players

casual tf2 is filled with hackers/bots, closet cheating {using silent aimbot to seem like your not cheating is rampant}
its filled with aimbotting bots. You have cheaters that dox/swat each other, mass racism neo nzi beliefs transphobic beliefs. in general tf2 community is very cringy and questionable at times

Valve seems to not care anymore, its essentially watching a game down a bunch a pills to die. cheaters have ruined this game. the only safety is community servers. and yet you have people who closet cheat. VAC is such an awful anti cheat. cheaters can cheat up to 7 years without punishment. the only thing stopping them is vote kicks.

Valve does not care for the people who built their career. people who have created the loving community tf2 is known for. they have ruined any sense of caring for the game. Do not play this game until valve fixes the anti cheat or removes bots.

tf2 is a running joke. and i find ironic, that overwatch even though in its awful state it is. you wont encounter bots you wont encounter cheaters. i hate to say it, but it seems overwatch is doing better in the anti cheat department",False,78682,1717469296,-0.9788,negative
166636285,440,Valve may of done a massive ban wave but will they keep on doing the treadmill work to keep the game bot free?,True,79463,1717468744,0.4854,positive
166636138,440,"UPDATE:
Valve has since banned the vast majority of the bots and it appears they are banning new bot accounts when they pop up. Casual is not only playable right now, it's great! Very rare to see any bots at this point in time. The summer update is also pretty cool with the new maps from the community. If Valve continues to keep the bots at bay for the longer term then I'll change my review to positive in about a year.

Here's hoping TF2 remains fixed going forward.

OLD REVIEW:
I miss TF2.

The neglect from Valve is disgusting. Casual match making is overran with bots and the experience for new players is god awful.

It’s an old game, one may believe it’d be unreasonable to expect any sort of support for it, however Valve will still happily take your money in the forum of micro-transactions for this game.

If Valve won’t support this game or won’t outsource support of this game to a competent 3rd party, then I wish they would simply be honest with us and stop talking micro transaction money for a product that’s largely unplayable and unsupported. I’m tried of Valve abusing this community.

For now community servers are pretty much the only way to play without engaging in a game of bot kicking wack-a-mole. Assuming the bots don’t outnumber the real players, in which case you’re screwed and back to re-queuing for another game.

I won’t be changing my review unless we see lasting action. Words about how you (Valve) love this game too, ring so hollow now.

You know... none of us want this to be it. We all just want to be able to play our little random crit hat simulator. 

#FixTF2",False,167377,1717468568,0.9786,positive
166635264,440,"I've not had a chance to play TF2 at the time of re-writing this review, but from what I have seen from others, the recent ban waves effectively wiped the majority of cheater bots from the game. It's still only a temporary fix, and I hope Valve will continue to crack down on these bad actors, but as a show of good faith, I can now honestly recommend TF2 as a good time to be had. Keep going Valve, we're counting on you.",True,114406,1717467443,0.9058,positive
166634755,440,well shit they actually banned the bots,True,57229,1717466738,-0.6705,negative
166634466,440,AT LEAST CHEATER IN OVERWATCH2 DON'T VOTE KICK ME OUT OF THE GAME.,False,10903,1717466384,-0.5423,negative
166634348,440,"Valve is literally allowing hosters of aimbots to corrode this game's servers with racism, terrorism, impersonation, defamation, among other illegal acts, all while turning a profit and continuing to turn a blind eye to it. 

TF2 is a wonderful game that WILL survive, but we need to reach Valve to do anything about it. 

Here is a document provided by 'TheWhat Show' to explain and go into detail about everything that has been going on with the bot crisis, and how it's been harming people through defamation, swatting, impersonations, and more. https://drive.google.com/file/d/1goBP5DVr0we85Ohnc7IHukOtTS-uISEa/view

Valve has answered us before during the #savetf2 movement in the past, but did nothing about it. The most they did was make it so new accounts had to purchase something to be able to use chat systems like text chats, and voice chats. However, this only made bot accounts purchase things from the in-game stores to get around this change. Valve is now making money off of these bots, and continues to do nothing about it. This is even starting to leak in CS:GO, a game Valve turns its head to a lot more than TF2. 

Visit https://save.tf for more information, and sign the petition that will actually be delivered to Valve themselves by trusted community members.

These hosters are actual idiotic people who are purchasing and setting up the hardware to make playing TF2 a miserable place, and threatening and targeting those that oppose them. Do not stoop to their level, sign the petition, boycott the Mann.Co store, and bomb review this game until Valve actually hears us! 

We NEED better anti-cheat, We NEED to come together as members of the community who LOVE this game like I do, and I know THOUSANDS of other people do. 

We don't need bots, we don't need hosters, we don't need these people ruining this game we love. 

#savetf2 #fixtf2",False,25541,1717466235,-0.9208,negative
166633385,440,"The fact that TF2 has been in a nearly unplayable state for five years is terrible and flat out lazy on Valve's part. 

Nearly every server hosted by Valve is overrun with cheating bots. Most of these, on top of using Sniper to kill anyone on sight, spam the chat with slurs, scam links, and all manner of hatred. They spam noise using in game items or over the microphone until your ears bleed. Most recently, they've begun to try and appear as real people to kick human players and make kicking bots impossible.

One of the only ways to avoid this issue is to play on community servers, and it is absolutely pathetic that a multi billion dollar company has to rely on individuals in the playerbase to host playable servers. What's worse, they continue to profit off of the game while doing nothing the to fix the state it's in.

Personally, I don't care if we never get a Heavy update, or an ending to the comics, or new weapons or anything. Just make your damn product actually work as intended!

#FixTF2",False,19176,1717464916,-0.9895,negative
166633254,440,"Team Fortress 2 has been neglected by Valve.

I don’t care about new cosmetics, crates, maps, or anything else - none of that will save this game. I just want Valve to value TF2 and stop ignoring it. It took nearly a decade for the removal of cheating bots hosted by bad actors, which made the game almost unplayable in official Valve servers. The bots were only removed because a contractor hired by Valve to work on the Steam Deck, asked to work on TF2 and fix this blatant issue, a bare minimum that Valve could've fixed at any time. Even as a 20 year old FPS, TF2 still deserves proper attention. But it’s clear now that Valve only cares enough to keep the servers running, only fearing that abandoning TF2 entirely would plunge the virtual micro-economies of their other multiplayer games into chaos.",False,49314,1717464733,-0.882,negative
166632768,440,"Regrettably, the game's servers are run by cheating bots atm. This makes the game unplayable in normal and community lobbies, so you may as well not play at all.",False,588,1717464050,-0.7605,negative
166631936,440,bad game botnets cheater bots AAAAAAAAAAAAAAAAAAAAAAAAAAAAAAAAAAAAAAAAAAAAAAAAAAAAAAAAAAAh,False,84507,1717462957,-0.7906,negative
166630840,440,"I absolutely love this game and have loved it since I was a child. I have been playing for about 12 years, sank 2450 hours, and 600$ into it. I absolutely love the hats, love the gameplay, and love the community. There is no game I know of that combines customization, creativity, dynamic gameplay, teamwork, and gambling so seamlessly into one. I am writing this review to express my dissatisfaction not with how the game plays or operates, but how it has been abandoned by its parent company, Valve. Bots have overrun servers for about 7 years, gameplay updates are a thing of the past, new weapons have not been added in years, and anti-cheat is never enforced. All of this would point to TF2 being a dead and retired game, which is sad, but all good things come to an end. Valve does not see it this way. They still produce regular updates in the gambling and cosmetic department, resulting in more and more money being poured in for less and less quality. Eventually, one day, the players will have enough of being overrun by bots and players will leave. When the players leave, the market collapses, and when that happens, no more money for Valve or fun for the players of this historic game. For the players, fix the bots. For the community, communicate with players. For the money, if that is all you care about, Valve, fix your game before it is too late.",False,167490,1717461512,0.1744,positive
166630695,440,"(EDIT: Valve has banned the bots! Hurrah! Despite this, we need to be wary, they may return, and I will leave this review up as an archive of the FixTF2 movement

I've played this game for a little bit, as you can see. This game is an absolute gem in every regard; amazing gameplay, amazing characters, the way they interact, the art style. These characters are recognizable all across the internet regardless of who's played this game. Despite the astronomical acclaim of this game, Valve has allowed bot hosters to run rampant, with casual mode being basically unplayable because of these bots. For years, we've dealt with this, and now we're finally saying enough is enough. Valve must do something about the bots. It's final. #FixTF2",True,88555,1717461338,0.9347,positive
166630402,440,Since bots and cheaters have been banned the game is playable again I hope Valve chooses to maintain the game for the future.,True,66077,1717460992,-0.4588,negative
166630270,440,"I owe it to this game for the many friends I've found and stayed in touch with for years and over a decade now, but I cannot in good conscience recommend this game in its current state. 

Public server matchmaking, one of the ""latest"" major features added to it, has been infested with bot accounts that ruin this experience for any casual player, whether through blatant aimbot hacks, chat spam, mic spam, by ejecting you out of a match with votekicks, or by everything of what was mentioned above.

Valve have been neglecting the severity of this issue for years, despite still frequently adding cosmetic items to their in-game store, thus profiting from the game as a product. And even though community servers are still there, available in the server browser like they have been long before matchmaking was implemented, I do not want to spend my time looking for such server, just to have a quick 30-minute quick match to entertain myself. Not to mention any of the potential issues that could come from community servers in forms of gigabytes of content being required to download at awfully low speed, dealing with community elitism or moderators with superiority complex, or abundance of confusing plugins filling the screen. But this isn't about community servers right now, I just wanted to quickly get into a game, and start playing, just like the game offers me to do in their own main menu.

Team Fortress 2 was what could have been considered a classic for its genre, and the matchmaking, while not perfect in practice (team imbalances etc), was still enough to scratch the itch for a quick fun game with people of varying skill degrees and backgrounds. Sure, Valve doesn't owe me or anybody else their time to deal with this problem (although highly debatable, since people are still buying and trading items on the regular, including the marketplace), there is a massive playerbase who's been begging, pleading for them to [u][b]permanently[/b][/u] deal with the ongoing bot crisis in their beloved game.

[i]""TF2 community, we hear you! We love this game and know you do, too. We see how large this issue has become and are working to improve things.""[/i]

[url=https://x.com/TeamFortress/status/1529970640224018433]Valve said this in their official TF2 Twitter statement on May 27, 2022.[/url] It has been two years since then, and whatever they've done has only temporarily stifled bot activity, for a very short time. 

Dedicated fans will know that Valve are not a company of many words, but if those are going to be their last words towards the public plea to take action against what could be considered a rampantly increasing artificial plague within their own product, then I have no other option but to leave a negative recommendation and move on.

https://save.tf/",False,366460,1717460839,0.1585,positive
166629021,440,"Valve, this game is amazing. It deserves every bit of love you give it and deserves to be in a playable state without cheater bots ruining casual servers 24/7. 

Stop being complacent and fix your damn game. 

#FixTF2 #SaveTF2",False,19775,1717459381,0.8477,positive
166628970,440,"One of the first games to involve modern lootbox-style in-game gambling, is becoming one of the first to suffer an economic collapse due to cheating, robot fleet accounts. We truly are in the end times.",False,15861,1717459299,-0.8126,negative
166628859,440,"I've played this game for years, it introduced me to a world of creativity and arts at a young age that I had no idea existed. When you look at TF2 today, it's a disgusting mess of blatant neglect from Valve developers. NO ONE can play the game without being spammed by bots, you get insta banned from every server and if you manage to avoid that, you're constantly battling aimbot hackers to escape spawn. This game used to be a Gold Standard for what an ideal creative work should be, now it just makes me sad to watch it whimper and beg for help with it's creators simply ignoring it from the sidelines. I don't recommend this game in the slightest, it's simply unplayable. #SaveTF2",False,30744,1717459145,-0.8791,negative
166628827,440,"Bots banned, very cool",True,29838,1717459110,-0.1045,negative
166628272,440,"Edit: for the time being, Valve has been cracking down on bots and cheaters heavily. The game is currently playable for the first time in years. I would highly recommend playing while it's playable

This game is amazing. The characters are iconic, and the fact that it's stood the test of time for so long is an achievement. The focus on casual play made TF2 nothing like it's competitors. In no other game could I go into a map like 2Fort and find both teams in conga line to the intelligence while an a-posing heavy struggles to stay on top. In no other game could I fail to sneak up on an enemy sniper, only for him to throw a jar of piss at me and laugh. No other game has given me moments like this, where the main goal is less about winning and more about having fun.
It's truly some of the most fun I've ever had in an online multiplayer game... when it's playable.

Valve's negligence regarding not only TF2, but VAC as whole is a fucking tragedy. Bots and cheaters are infesting TF2, CS2, and L4D2 and have been for a while. TF2 in particular has had this issue steadily growing worse for 7 years. The bot and cheater programs and exploits have all been a google search away, and yet it took until very recently for the main program the bots used, which was publicly available on github, to be taken down and IT WAS A FUCKING ACCIDENT. The economy has been ruined by idle bots inflating the concurrent player count by 70%. 
But that's not all... if you so much as call out the bot hosters, or actively work in spite of them? They dox you, threaten to kill you, blackmail you, and use AI to recreate your voice to make you say horrible things, then use the bots to impersonate you, play your AI voice in the vc, and then spam your dox in the text chat. This is blatantly fucking illegal and is being done through services Valve is supposed to maintain.

Enough is enough. I cant in good consciousness recommend this game to anyone in the state that it's in. 
Fix your game 
Fix your anti-cheat
Do the bare fucking minimum
#FixTF2",True,20386,1717458361,-0.9953,negative
166627253,440,"Probably the best casual multiplayer experience out there - Plagued for years now by bot hosters and any rotten kid able to purchase a script. Ignored by its billionaire owner despite it all.
I'll take back the negative review if literally anything meaningful is done bar a half arsed tweet, otherwise I can't recommend this game any longer
edit: What do you know, volvo fixed the bots (for now)",True,141289,1717457064,-0.4784,negative
166626776,440,"Well I’ll be. Valve actually did something about the bots, I hope they continue to maintain this game and continue to ban bots and cheaters.",True,103577,1717456463,-0.3612,negative
166626423,440,"After a considerable amount of time in disrepair the valve developers have updated the anti-cheat to keep bot accounts out of the game. 
The game is fully playable and is in a good state to be enjoyed and recommended to friends!
I really do enjoy this game and I hope it stays accessible for many more years.

#PreserveTF2",True,38884,1717456000,0.9499,positive
166626220,440,"Team Fortress 2 is an incredibly well designed game to play. But do not play it. Valve's total neglect and radio silence in fixing the issue of mass cheater bots means that the game is totally unplayable for anyone new or old to the game. Until Valve actually does their job and fixes the bot problem permanently, you should avoid this game and giving Valve your hard earned money.",False,11378,1717455733,-0.8444,negative
166626166,440,"This game has a huge bot issue.

When the main way to join a match (casual) is the equivalent of spinning a wheel to see whether or not you get sniper bots cheating in-game, you know there's a huge problem with your game. And yet, nothing's been done to have long term results, it's just there, gathering dust and collecting spider webs.

Now, i live in a region where Valve servers seems to be less prone to be filled with cheating bots. However, i am also, at least, 90% sure that most of my friends that play don't have the same luck, which is why we used to mostly play on community servers, those being also less targeted.

Anyway, i don't want TF2 to rot away and be unplayable for most people, so, please, fix your game.

#FixTF2",False,487839,1717455660,0.8876,positive
166625836,440,Bots banned,True,43295,1717455286,-0.4588,negative
166625645,440,The game is full of bots. I would not play causal as it is full of cheater bots.,False,152647,1717455043,-0.6742,negative
166625451,440,"As of around summer 2024, Valve has seemingly updated their anti cheat service. For about about 6 months now, TF2 casual severs have been bot free. I wanted to wait before I changed my negative review for this game to see if the sudden action against the cheaters wasn't just a one time ban with them returning soon after as if nothing happened. But sure enough, I was able to actually play this years seasonal (but still minor) updates. I finished all my Halloween contracts for all the maps unimpeded for the first time in years. Now during Christmas, I can enjoy the new maps, something I was unable to do previous events due to how bad the situation had become. Though it was many years overdue, it would seem Valve has finally given this games community the bare minimum care it needed. And while I believe they still could do so much more for their game, with major updates (The Heavy update), matchmaking improvements, new weapons, contracts, SFM shorts, etc, at the very least the game right now is in a playable state and it has been enjoyable to play. Team Fortress 2 has been my favorite multiplayer shooter since 2012 and now I don't have to feel bad recommending it to others. Valve please keep up the treadmill work. This game is worth it.",True,362012,1717454811,0.8558,positive
166625106,440,"#FixTf2 I've been playing this game since the orange box days and its so saddening to see what it has become, a cheater infested shell of what it once was.",False,120696,1717454345,-0.7793,negative
166624649,440,"Multi-billion dollar company can't make a functional anti cheat for their current games. The playable state of TF2 casual is beyond abhorrent all because of the neglect of the parent, Valve. Cheating is being a problem for their other games and eventually their future one. If the cheating and botting problem can't be solved for TF2, then the problem will not be fixed for any of their other games. VAC is not an anti cheat, it's a suggestion.",False,169496,1717453797,-0.9763,negative
166624555,440,"UPDATE 2 (October 6, 2024): So, it's been a few months. I haven't heard all that much about bots or cheaters in TF2, outside of one-off incidents that involved one that ended up summarily kicked, with no reports of servers becoming fully taken over by bots. It seems like whatever Valve's done has helped significantly with the crisis. Guess I should change this review back to positive, at least until the cheaters/botters come up with a way to get around the methods TF2/VAC uses to detect their cheating/botting.

Original review (written June 3rd) below:

This game really DESPERATELY needs a solution to the bot problem. There's so many bots in games that bots often outnumber real players, leading to the real players being voted out of the game the moment the cooldown for it is up.

For the players that have yet to be voted out, they're being headshot the frame a bot spots even a pixel of their head hitbox, all the while the bots are all playing an audio track of someone playing a vuvuzela at deafening volumes.

Don't play this game on public servers, it's a waste of your time. If you still feel the need to play this game, join a community server, as they're at least moderately more likely to have anti-cheat that, get this: actually WORKS.

UPDATE (June 28, 2024): Valve's actually listened and banned roughly 1000 bots that were holding casual games hostage, and most casual games are now entirely bot free, maybe one at most in a given game. Still, we've done this song and dance before -- there's a single ban wave before a community event, then Valve proceeds to do nothing as the bots come back and start ruining games all over again. I'm not changing this review from negative until I see a statement from Valve stating that they're going to continue banning bots in the future AND TF2 games remain relatively bot free for the next few months.",True,61991,1717453679,-0.8854,negative
166623891,440,"UPDATE: Valve has rolled out a massive banwave against the bots as well as many human cheaters. It remains to be seen whether or not Valve will keep this up. If the servers are clean after a few months, I'll update my review back to positive.

For anyone who hasn't tried the game, there is no better time in the last 10 years or so than now to try it out and profess to Valve that you enjoy the game in its bot-free state. Hopefully the game will the game will continue to be maintained, but since it remains unclear for now, the review still remains negative.
-----------------------------------------------------------------------------------------
ORIGINAL REVIEW TEXT:

  TF2 is a classic FPS that endures only due to its passionate fanbase. The characters are still iconic, the gameplay at its best is still fun with a ton of mechanical variety. You can have hour-long games with tense back and forths finally ending in a climactic finish, and you can have silly experiences just hanging around with friends or strangers. You can still have a fun time if you are a longtime veteran of the game, but I cannot recommend it to new players due to the neglect from the developers of the game, Valve. The game is flooded with cheaters, both human and robot. A new player to the game not only needs to learn the actual game mechanics, but also about bots. Things like, ""what does a bot name look like?"" and ""when should you re-queue because a server is unrecoverable and completely lost to bots?"" If a new player didn't spend money on the game (a free to play or ""F2P""),  they cannot even ASK these questions, because in the last few years Valve disabled chat usage for F2P players.

  The F2P chat ban has not solved the issue of the bots spamming the chat because bot hosters just buy premium for the bots. It's not that expensive for them since it takes months for the bots to be banned, if they even get banned. Instead, it has ruined the experience for new players. New players can't ask about their weapons. They can't chat along with everyone else. They can't even use the hotkey bound by default by the game to call for a medic. Given that the game is a [b]team[/b] game the chat ban has a direct negative effect on the gameplay for the F2P player and their team. Valve could theoretically revert the F2P chat ban at any time just as quickly as they started it. Valve should know by now the chat ban has done nothing to stop bots from spamming the chat, but it remains in place. Is Valve that desperate for bot hoster's money?

  Even with all of these issues, Valve cannot even be bothered to state anything about the game beyond the fact that basically no one is working on the game, nor interested in working on it. Valve claims to want to avoid ""treadmill work"" where recurring maintenance is needed, but is perfectly fine with the ""treadmill work"" of releasing new content for people to pay for. More microtransaction crates are added to the game while the game on official Valve servers remains pretty much unplayable if you don't know how to properly navigate those servers in the modern era of TF2. While TF2 may not make anywhere near as much money as Counterstrike, I would assume that it makes enough money to hire a contractor to manually ban obvious cheating spinbots if nothing else.

  While the game isn't dead due to the community who has stuck with it for over a decade, the game [i]will[/i] slowly wither away unless Valve takes action against bots and cheaters, and allows the F2P players to have a voice again. All of which seems very unlikely.

  For anyone who does want to try start playing as a new player regardless, I recommend either avoiding casual or actively taking the time to learn about the bot issue first:
- Look for snipers with robotic non-human movement, huge aim snaps, or aiming straight up 100% of the time to identify bots. Some bots do not play sniper but may still aim straight up or have huge aim snaps.
- Leave servers when one team is 50% full of bots or more.
- Avoid healing bots. Don't push forward when bots are present to be courteous to the enemy team.
- Always kick bots as soon as possible because bots will begin votekicks on real players when they can.
- When a votekick starts, do not vote to kick unless you are sure that the team overwhelmingly believes the player in question to be a bot, or even better, verify the player is actually a bot yourself.
- Keep an eye on the chat to see if anyone is calling out bots on either team. People aren't always correct or truthful, but it does mean you should check on the player in question.
- Avoid certain maps/gamemodes during bot waves (the CTF gamemode and the map Harvest get especially bad).

  As for community servers, ""Uncletopia"" servers exist but they are not the same as the ""true"" casual experience that Valve intended. There are class limits and the players tend to be more skilled and more focused on playing the game to win, which is not a bad thing but may not interest all players.""Skial"" servers are closer to the ""vanilla TF2"" experience but most of their servers are 24/7 servers for specific maps with only a couple true casual servers. Other ""vanilla TF2"" casual servers exist but are often empty.

  Although this review may be posted at the same time as many other negative reviews, this review is sincere. I cannot recommend the game to new players anymore.

For whatever it's worth, Valve, fix TF2.",False,272716,1717452834,-0.5154,negative
166623164,440,"""If fighting is to result in victory then we must fight!"" Ok, Lets fight. We the collective fan base of TF2 demand more than a content update every season, we demand that the game becomes playable. hell skip a content update just Do Something instead of idling by claiming record player base when its record bot numbers coming in and exploiting the game to make profit, Reminder 70 to 80% of any given playtime recorded by SteamDB are BotNets, Cheat bots, and Idlers or Trade Bots. Its Suffocating and we are calling for action and we. will. not. stop. until action is done. years, have gone by since the bot crisis began, and more have passed by since the original saveTF2 movement failed, and nothing has been done and were sick of it.

The big problem now is that this is happening to more Valve games, CS:2 is beginning its own bot crisis, L4D2 is constantly unplayable due to DDoS's among other issues cropping up, all due to TF2s bot success telling those that Valve doesn't care, its a playground of crime and they know they can get away with it, and much more, people are actively getting their identities Doxed, and being used as Bots to do so, people have been Swatted for threatening their whole existence, DDoS attacks against peoples own personal servers to play on when they can't play Casual and this is happening more and more., and what is painful is that the fix could be as simple as installing a well known bot kicker that the community has made.

TF2 is my second game i have ever played on PC it holds a special place in my heart as i have continued to be in contact with several friends that I met 7 years ago, hell longer. their is Nothing like TF2 being made anymore, nothing that captures that raw fun of being a Mix of a team based shooter with elements of Arena shooter to create something special. 

so we demand something is done. Hire more staff hell hire MegaScatterBomb and his team that are currently making a AI based Anti Cheat so you can use that not just in TF2 but everywhere else since all it involves is retraining the AI model on different footage, Port the game to S2 so it can have access to your own VAC2 system or make VAC2 work in S1, or at least TELL us that you do not want to support the game, call it dead and turn off the item drop servers and the official servers. TALK TO US LIKE ADULTS and tell us its over like a grown man. or actually do the grown up thing to do and attempt to fix the problem or make it better so were not constantly having to yell at you for a problem that is now infecting more of your products. 

And to everyone passing through the reviews to see what is going on with this game, Don't Buy anything from the Steam Market place, Don't buy anything from the in game Mann Co store, Leave a Negative Review of your own, Sign the Protection at https://save.tf/ and finally, Do. Not. Stop. Voicing. Your. Opinions.

And finally to Valve: we say this truely out of love and we understand the hell that is TF2s code base. But were adults, and adults do their job. So do your job and fix the mess your negligence cause and when its done, we will happily pay you and spend money on your products again. Thank you for at least hearing us out. and please, do whats right.",False,61287,1717451936,-0.98,negative
166623080,440,"This game is infested with bots. For a game that made countless milestones, Valve does not give it the love and respect it deserves and allows bad actors to desecrate the official servers. The least Valve could do is to get rid of the bots and add a proper anti-cheat system to further prevent cheating. I don't blame the current devs, just Valve themselves for being extremely neglectful to this game, a game that means a lot for me and countless others. This is inexcusable, you got the resources to deal with this. #FixTF2",False,71738,1717451831,-0.2399,negative
166623010,440,🦀 BAN WAVES 🦀,True,33174,1717451762,-0.5574,negative
166622998,440,"Absolutely not, Not in the current state of the game. Do [i] not [/i] let Steam's user statistics fool you, there are [i] not [/i] 60,000 players online. It's mostly idle bots leeching off the game for profit, and the casual matchmaking is overrun by cheater bots.

Do not buy from the Mann Co. store or buy anything off the community store until Valve fixes this damn game's botting crisis. I will not pay a dime for this game again until Valve does more than pay lip-service to us.",False,59499,1717451751,-0.8531,negative
166622418,440,the cheater and bot has been rapid and valve is not doing anything to fix the problem or improved the VAC.,False,17661,1717451095,-0.4767,negative
166621661,440,"Just letting people know that the bot crisis is only a problem because of the inherent weaknesses of Casual. It's a symptom of a larger problem. It's not something that can be fixed without some dystopian, kernel-level intrusive anticheat. Bringing back quickplay and giving the power back to the community would allow server hosters to easily moderate the players coming in and would shrink cheater populations in game rapidly.

Although you could also make the game paid again. But that's not happening.",False,183731,1717450325,-0.6124,negative
166620755,440,As long as Valve continues to maintain VAC and the banning of the bots and their hosters Team Fortress 2 is among the best games of all time,True,31188,1717449292,0.6369,positive
166620530,440,Great game. valve banned the bots. thumbs ups.,True,11361,1717449073,0.2732,positive
166620425,440,"Recommended at this time. The bots are gone and VAC is enforced on Valve servers. Though the bans are manual, it's good to be back #FixTF2",True,70261,1717448956,0.5719,positive
166619522,440,"I’ve been playing TF2 since launch, and I love the community. More than a decade later, folks are pushing the engine to do things that Valve never thought possible. Even if we ignore the fact that Valve frequently fails to compile these maps correctly for events, there is so much innovation and passion in this community. But unfortunately, Valve has not invested in reasonable anti-cheat mitigations. Most of the online users are cheating griefing aimbots or idle bots that manipulate the economy. Volunteers have already identified tens of thousands of these bots with public information. Valve could do a more sophisticated analysis themselves. But they don’t. They could work with the community to allow us to moderate. But they don’t. They could open source the game and leave it in control of a community operated foundation, who can implement cheat mitigations on casual servers. But they don’t. But guess what - they’ll happily take your money, even though the game is unplayable most of the time. They’ll invest in new games which inherit the same flaws and immediately get plagued with the same problems. And then they’ll move on, upset at the negative response.

This game, more so than almost all other Valve games, is such an important piece of history and the cultural zeitgeist. You’ll find no other game which three generations of people know and fondly remember from their childhood and wish they could play today without dealing with the bot problem.

This makes me sad. There is truly nothing like TF2, and there never will be again if platforms don’t invest into moderation tools to fix this problem. I’m also certain that the community has engineers who would join Valve to further this mission - if Valve is interested.

I hope that Valve realizes that there are so many different ways they can #FixTF2 and also make newer games remain viable.",False,28278,1717448020,0.6666,positive
166618746,440,I love this game but for more than 3 years since i started the game never fixed the cheater bot problem. dissapointed and i hope one day i will see this game as alive and working but until than #fixtf2,False,48394,1717447256,0.8772,positive
166618687,440,"Even as a fairly new player to the game, I know that the bots are the biggest problem this game has. And even though I love this game, I cannot defend Valve, for their negligence of one the most played games on Steam. They need to get rid of all the bots, and make a functioning anti-cheat to protect this game. So, fix your game Valve. #FixTF2.",False,2963,1717447191,0.7778,positive
166617717,440,"I love this game to death, but it's impossible to recommend in its current state due to an ongoing epidemic of cheat bots ruining public matchmaking, which has been an issue for years now. Valve, please fix the game.

I have played this game off and on for pretty much my entire adult life and I miss it.

 #FixTF2",False,101528,1717446219,0.7469,positive
166617637,440,"[strike]game somewhat unplayable, because of bot infestation[/strike] game is somewhat playable because of latest ban wave",True,17737,1717446148,-0.5574,negative
166617410,440,I love this game but the neglect its been getting from Valve is ridiculous. Its being overrun with bots and cheaters with none of the cheaters or hosters being banned/punished. They need to fix this game and the anticheat.,False,196335,1717445921,-0.9239,negative
166617318,440,"This game has been plagued by rouge cheaters and torrents of cold unfeeling machines for no reason. They cheat and wreck and crash and offend anyone whom they come across. It has been this way for half a decade. Whether this befits the blight of humanity that people would be so thorough in destroying a thing many hold dear, I don't know. I do know that it is embarrassingly pathetic that a corporate as large and influential as Valve has done nothing to fix this. I don't care for Deadlock. The passion that was put into the Portal and Half-Life franchises is now tainted. I'd use any other game sharing platform if it wasn't for Steams dominance. I don't respect Valve. I love Team Fortress 2 and it pains me to say that I miss it.",False,173552,1717445817,-0.976,negative
166617189,440,"As a long-time fan of Team Fortress 2, it's disheartening to see this once-great game become virtually unplayable due to rampant cheating and bot-infested servers. The lack of meaningful action by the developers has allowed these issues to persist, tarnishing what was once an enjoyable and competitive gaming experience. With its current state, I cannot recommend Team Fortress 2 to new players or even returning fans, as the frustration caused by these issues vastly outweighs any potential enjoyment the game might offer. Until significant improvements are made to address the cheating and bot problems, it's best to steer clear of this otherwise fantastic game.
",False,63333,1717445706,0.7261,positive
166617098,440,"Cannot in good faith recommend it currently, though in theory it would be one of the finest shooters ever made.
Developer no longer cares about the game. Playing on official servers is virtually impossible, as cheater bots are running rampant on them. The last major update was in 2017, and smaller updates and fixes are few and far between. The player count is artificially inflated by idle bots. All the while Valve is happily still selling loot boxes comprising of community-created cosmetics.",False,203698,1717445602,0.1184,positive
166616609,440,"I would not recommend Team Fortress 2 in its current state, the game is payed no attention by valve, receiving no anti-cheat to combat the bot problem and having gone 7 years since its last update. The game is barely playable outside of some parts of Europe and the bot hosters commit real world crimes against those who try to combat them, with valve taking no responsibility.",False,74389,1717445106,-0.9003,negative
166616600,440,"Really used to love this game until it became utterly unplayable mess, by who? 500 pound basement dwellers with so much chins that they outnumber the amount of real players this game has compared to cheater bots.

Really used to love this game, sucks that this happened.",False,53560,1717445098,0.2141,positive
166615986,440,"The game has been unplayable for the last few years because Valve has left the game to be destroyed by cheating bots. Valve dodged the issue and made ""changes"" that didn't even get close to stopping the botting issue. We want a real game-wide solution here, Valve.",False,47366,1717444515,-0.7003,negative
166615547,440,"There is no curse in Hoovy, Scunt, Ninjaneer, Gun spy or the many tongues of Men for this treachery. Valve, A GAME MASTER SHOULD KNOW BETTER! CREATE A WORKING ANTI CHEAT FOR YOUR GAMES! #FixTF2 #SaveTF2",False,54960,1717444073,-0.8395,negative
166614393,440,I absolutely love this game but it has been neglected to the point of being almost unplayable due to bots and cheaters. Please fix this game. It's been around for a LONG time but still holds up as one of the best multiplayer FPS games out there. I want to recommend it to friends but it needs to be FIXED as soon as possible. Please make VAC works and remove all the bots.,False,66637,1717443022,0.9306,positive
166614322,440,Amazing game ruined by cheating bots #FixTF2,False,42610,1717442966,-0.4404,negative
166613881,440,"Team Fortress 2 has got to be the best first person shooter to ever exist. Its the only game where i feel like i can blame every death on myself (except when dealing with facestabs those are bullshit) and the only first person shooter i actually enjoy playing.

However the game is riddled with bots. All from idle bots that just farm drops to hacker bots that instakill anyone that gets within sight. heck there's even bots made to only kill other bots. and what has Valve done about this you may ask? NOTHING. ABSOLUTELY NOTHING. This company is too busy sleeping on their giant pile of money that is Steam to do anything about the games that they created. Counter Strike is in a similar boat to Tf2 but its not nearly as bad. The problem with both games are with Valve. They make these absolutely amazing games and refuse to maintain them. I mean they couldn't even maintain Source Filmmaker which is still using Tf2 assets from 2008.

So please help with #FixTf2 and help us make the absolute biggest PR catastrophe for Valve so that maybe they will do something other than lying on twitter. It cant hurt to try. And if that works maybe we can start #FixSFM",False,72992,1717442569,0.8592,positive
166613375,440,"Great Game, sadly its overrun by bots! Fix the bot issue Valve!
#fixtf2 #savetf2
Edit: cheater bots are gone for now...",True,48059,1717442113,-0.4184,negative
166613340,440,"This game fell off HARD, and it's all thanks to the damn bots! Whether it be idling bots farming items and ruining the economy, to cheater bots invading our servers and ruining our fun. Valve only did ONE thing to try and soften the blow of bots, and that was taking away the voices of the many free-2-plays that inhabit our precious game. Even then, the bot hosters found a workaround involving stealing wallet codes through unused gift cards, meaning Valve's removal of speech DID NOTHING! They have done nothing to weaken these bots for years, but it's time for them to DO SOMETHING.

#FixTF2

Major Update: Well guys, we did it. We got rid of the bots, for now at least. There isn't a guarantee that it'll last long, and Valve has a long history of abandoning this game when hackers and bots invade, so we need to keep Valve accountable. Until then, lets go and enjoy the game!",True,18966,1717442089,0.5212,positive
166613336,440,"When I was younger I would watch sfm animations on tf2 and I loved it. I always dreamed about playing tf2 but my potato pc couldn't handle it. So once I got a good pc I finally played the game and what did I fucking see? Bots. I still had fun but, it was bittersweet as most of the time I had to search for games that weren't filled to the brim with cheating bots. I have such good memories of playing this goofy shooter game but seeing one of the best games I ever played being destroyed by dumb bots that YOU valve have ignored for so long, I've grown tired of it. As the tf2 community we must unite so that we can fight for this amazing game. And YOU valve need to fix this issue that has slowly destroyed your game that people enjoy. Fixtf2#",False,138458,1717442087,0.8977,positive
166613330,440,"Its in a unplayable state right now Valve. Every game I'm joining, there are already bots that already infected the game. We as the community have been trying clean and kick these bots out of our games but more and more keep coming. In large masses they would come into servers and cheat by aimboting and draining the fun out the games. Ever since that tweet you guys made two years ago, saying how you are listening and loving the game, it feels like you guys weren't listening and loving the game as much as we do, the community. Sign the petition at save.tf to get Valve to listen to the community again! #SaveTF2 #FixTF2",False,141310,1717442082,0.9472,positive
166610755,440,"Team Fortress 2 is an awesome video game. I think my playtime speaks for itself. However, for the last 5 years, the game has been infested with cheater bots, and Valve refuses to do anything about it. At this point, shutting down the official servers and admitting defeat would be better treatment than what the game is currently getting. But no, shutting those down will mean shutting off a big cash flow, like the income from the cosmetics and cases that Valve has no problem adding in and charging money for a few times a year.

Booting up the game today is an awful experience with clunky menus and the risk of your lobby being full of cheater bots, or getting infested by them before the game is over, as much higher than the chance of getting to play one (1) full, legitimate game.

Valve, fix the game or admit defeat. This half-measure is a spit in the face to players who have spent solid money and time with your game.",False,72772,1717439828,-0.9217,negative
166610412,440,"I love this game. However, the state its in is unplayable. Bot are rampant and ruin the game. Most games would have succumbed to the wounds after four years of constant cheaters, but not tf2. It has held the line and the community's reliance is incredible. We love this game, you used to love this game, so please Valve, development an Anti-Cheat and get rid of the bots. We have done our part in waiting. Now its time for you to step up Valve.

#Fixtf2",False,66191,1717439531,0.9504,positive
166610391,440,"played this game since i was 8. im actually nostalgic for this game. but for 5 years, hacker bots have invaded the servers making this game unplayable. and the devs do nothing. i cant recommend a game you cant play. #fixTF2",False,154037,1717439519,0.0972,positive
166610214,440,"After years of huffing copium due to neglect and minimal effort by valve, I think I'm finally ready to swallow the pill. This game really REALLY isn't what it used to be... Sure companies miss the mark all the time on updates, but how many double down on mistakes and jut keep avtively making the game worse? Valve sure did with this one. The mass bot ban a while ago was the bare minimum maintenance, but even that was done by a CONTRACTOR who got pissed he couldn't play the game and not a valve employee.

I'm sick of delusional folks pretending this game is in a good state, it is a slow, shambling, predatory, monetized, community-made husk of its former self. I know I cant beat out the whales who ALWAYS buy keys and crates but I can do my part. I'm done pretending TF2 is ok.",False,273761,1717439383,-0.9451,negative
166610111,440,"The bots have turned this game to a smoking pile of cheating shits. VALVe, please fix your game, even if you replace it, at least keep us in healthy condition enough to sustain ourselves on your own servers.",False,25737,1717439292,-0.4019,negative
166609570,440,"Valve has now begun treadmill work necessary for the continued longevity of the game, and has banned most bots. Good job so far, but everyone, be prepared to change your reviews back to negative if bots return and nothing is done.

#FixTF2",True,83744,1717438822,-0.559,negative
166609556,440,"Fix your game, Valve. It's legitimately unplayable. Cheater bots are destroying the gameplay and idle bots are destroying the economy. Fuck you and fix it. Gargle my nuts.",False,225617,1717438812,-0.9477,negative
166609415,440,"I had enjoyed this game for many years, but it is no longer in a playable state. The main game modes are filled with aimbots that spout hate-speech and kick real players from servers.

Please do not support this release, your time and money is better spent on games with better anti-cheat services. Steam should not be allowing microtransaction purchases for unplayable games.",False,162853,1717438698,0.7971,positive
166609399,440,"Bots banned changing review to positive, for now",True,61263,1717438685,0.1531,positive
166609355,440,"Bot problem fixed for now. Valve actually delivered damn. Leaving old review below, will be relevant if bots returned but credit where credit is due, game is playable right now.

---

One of the best games of all time, if not THE best... but you should not play it. It is overrun with bots that aimbot and votekick real players. This has been going on for over 5 years and the developers only response was ONE tweet, once. The only updates are more microtransaction cosmetics, or on rare occasion minor bug fixes, which I would appreciate more, if the main problem was that 90% of game lobbies are litterly unplayable. Unless you think getting votekicked after 5 seconds of joining or staring at a respawn timer after getting headshotted by an aimbot is playable.

The memories this game have given me, the community, the gameplay, everything was so beautiful and rich and STILL is, it is just... rotting away...

If the botting crisis is fixed, I wholeheartedly recommend this game, but right now? Just stay away.",True,147835,1717438646,0.9649,positive
166608408,440,"The majority of the game's playerbase consists of Idle bots and the official servers are full of spinbots that can votekick and crash real players' games. We don't need a tweet, we need an actual anti-cheat. #FixTF2 #SaveTF2 #ValvePleaseFix",False,2043,1717437807,-0.4019,negative
166608331,440,"Good game, but cheating bots everywhere.

EDIT: The bots are dead :^)
Good game, will have to see if valve can keep it up.",True,67714,1717437740,-0.4404,negative
166608111,440,"The game has been pratically unplayable for many years due to cheat bots and Valve's negligence.

Fix your game Valve.

#FixTF2",False,105245,1717437570,-0.4588,negative
166607559,440,"Unfortunately due to neglect on a great game, it is overrun with bots who are spamming aimbot and mic music to ruin pubs for those that enjoy the game. Valve needs to invest in fixing this.",False,27149,1717437072,-0.6124,negative
166607422,440,"The bots are overflowing the servers. I had to change 7 servers to find a server with no bots. I hope valve will at least make a working anti-cheat, because this is getting out of hands",False,40789,1717436950,0.1779,positive
166607291,440,Vac is as efective as Russian spies trying to kill someone discreetly #FixTF2,False,34237,1717436826,-0.6908,negative
166606569,440,"I first downloaded this game in 2013 and, despite dropping off a couple times over the years, it has been a reliably fun game for that entire time. That was until 2020, when a group of degenerate trolls became capable of hosting large numbers of bots that do something very simple: They join Valve servers, pick sniper, and aimbot everything that isn't them. This practice allows these people to shut down dozens of servers simultaneously without even being present at their computers. As a result, it has become largely impossible to play the game without entering community servers, which aren't a proper replacement due to the work required to find a decent community server that can facilitate casual play.

This game has been my go to for many years precisely because new games don't do what this game does. Modern shooters are all focused on one thing: competitive play. The problem is that forced competitive play is bound to turn into a toxic shit flinging fest where everyone hates everyone else including themselves because trying to get 5 other random people to work together is near impossible. The developers of Team Fortress 2 figured this out before even making this game and it's one of the large reasons it has stood the test of time. Even with all the bots and lack of support from Valve this game is simply irreplaceable to me. Other games keep trying and failing to do what TF2 does and it's so frustrating to see this wonderful game fall victim to an awful combination of developer apathy and degenerate jerks trying to ruin it and stop anyone that wants to simply play the game as Valve intended.

I am saying this now because enough is enough. I'm going to continue playing this game but I will not be giving another cent to Valve through this game until they have done what needs to be done to fix these problems and introduce a more permanent solution to the problem. Sure that may sound counter intuitive to keep playing this game but it's not playing the game that keeps the servers alive, at least not just playing. Servers cost money, and without the stream of income from players like me those servers cannot survive. I also won't recommend anyone new play this game for the same reason.

There's also another reason Valve needs to get on this problem: It's not just TF2 anymore, because Counter Strike 2 runs on the source engine (granted it's source 2 rather than source 1), this means that Counter Strike 2 is vulnerable to the same botting problem that TF2 has been subject to for years now. If Valve doesn't take action to fix this, it WILL spill out into their biggest game, and then they'll be forced to act in a way that TF2's community simply can't force.

The ball is in your court Valve, either fix this, or it's going to get worse, it will bring in Counter Strike 2's community, which carries far more weight, and that will be a problem they can't ignore.

EDIT: So it seems they hired a contractor to actually fix the problem. Well I guess I can go back to recommending this game. Better late than never, but time will tell if the bots truly stay away.",True,116051,1717436191,-0.8195,negative
166606149,440,"I love what the developers have accomplished.

For a WHILE now there has not been a single bot in my lobbies. Not anyone putting up hackusations because of a lack in anti cheat, nothing like that.

This game has been perfection in so many ways.

If this wasnt maded in a old source engine I'd say it would be the best game ever fathomed by any human being, but even with the bad hitreg, map trajectory bugs etc, this game has been more than a pleasure to play actively.

I love this game and have for a while, even if I quit out of lobbies that are less fun to play, thats more a problem with my perceiption of fun in most times.

If you haven't, please give this game a try. Look at older (ex) TF2 Youtubers like Muselk, Lazypurple, Soundsmith, uncle dane, elmaxo and you'll understand the beauty of something so seemingly simple like this game.",True,31722,1717435799,0.9744,positive
166606040,440,"TF2 has been suffering with bots in recent years. At the moment this has been rectified with hosters being banned and efforts being made to keep them gone. As of now, I have not seen a bot in over a month of playing. My review has been edited to reflect that.

Tf2 is a great game and now that the bots are gone I can enjoy playing it again.",True,157520,1717435697,0.5859,positive
166605332,440,"Merry Christmas Valve and happy new year

Thank you Valve, i've waited for a while to see if y'all would be consistent about supporting the game after the community outcry had died down, not only did you do that but y'all have majorly cracked down on the Bot hosters and brought the game that I love so much back from the dead

And I cannot tell you how much it meant to me that you had released the final team fortress two comic, that alone made me feel like Christmas came early and it might not mean much to others but it meant the world to me

I hope everyone had a merry Christmas and happy new year


-Old Review-
This game means the absolute world to me, it is by far my most played game on Steam and has given me far too many happy memories to count, this is basically my first hero shooter and even FPS and as a whole was my introduction to PC gaming

The art style and characters has given me nothing but joy and inspiration for my own pursuits in life

I want more than anything for this game to never die and for valve to give it support with a functioning anti-cheat, this game is by all accounts Unkillable because the fans refused to let it die

While not everyone in the TF2 fan base is a saint, I have met countless very passionate and creative individuals with great senses of humor that have been more than willing to help you learn the game or even just talk about your favorite soda or pizza

This game is a masterpiece it was decades in the making and it's decade of surviving, it deserves to be up and running for as long as possible, but valve won't provide support or clarity in communication and as a result bot hosters have ruined the game and held it hostage


I love TF2 and I hope someday you will too

#saveTF2 #fixTF2",True,107561,1717435098,0.9984,positive
166605253,440,"2,138-ish hours was my time in Team Fortress 2 in 2019. Since then, it has gone up around 60 hours, and the stunted time is all down to the Bot issues and my repeated attempts to play it. The Bot problems of TF2 are a perfect encapsulation of why VAC doesn't work; it relies too little on automation, too much on manual waves, and there's no work being done in the background to satiate any player who just wants to play Casual.

""But just play community servers"". That's [b]NOT[/b] a solution to the problem, that is running away from the issue at hand and circumventing it. Praying to [b][Insert Local Deity of your Religion Here][/b] would be just as effective a solution than just playing on community servers.

Here is the bitter Pill people don't want to swallow, the scroll of truth they continually throw away because what the sought after was too real for them: Valve likes Illegal Gambling. It likes loot boxes, it likes its storefront filled with shoddy asset-flipped games they can't be bothered to sift through or have any semblance of QA for. That is the reality, and people need to start accepting that.

Since 2015, Valve made it big with Lootboxes and weapon skins in CSGO, and since then, has had one thing on their mind, and that has been ""How can we players part with their money while still looking like the good guys of PC Gaming?"". Turns out, when you have rabid fans who will go for bat to defend you whenever you screw up, you can get away with a lot of stuff. Quelle Surprise that breeds complacency among users and a situation where you can't escape Steam.

The bots of TF2 are emblematic of Valve's Sloth-like tendencies. Unwilling to make any move to solve or fix a problem until they think it's perfection incarnate, lest they be seen as the bad guy or the solution is seen as unfit. VAC itself is antiquated, old hat, a leaky steam pipe system with so many cracks and buckets catching water that it's impossible to ignore. There's a reason players call VAC the derogatory nickname ""Valve Allows Cheaters"" because...well...they kinda do.

TF2 is infested with Bots because Valve doesn't have the cajones to try anything, because stopping the bots, stemming the flow, does not compute with their focus on making money off of skins, cosmetics, cards, taunts, or really anything else sold via TF2 or the marketplace. That is their goal, and they will not stop until we've left or the money runs dry.

Stop playing TF2, Stop using Steam or the very least try to limit your Steam usage (yes, I'm aware of the irony presented here) and play something else on some other platform. Hell, some games are DRM-Free and can be played away from Steam if you download them first.

 If Valve has any sense, they'll listen to the feedback and the reviewbombing and the petition and the calls to action and make TF2 playable again by purging the bots, either with a more effective Anti-Cheat, or with some more technical wizardry. If not, and we're still in the same boat one year from now, well, we have our answer for the future.

#fixTF2",False,132226,1717435009,0.9858,positive
166604868,440,"It is sad to say, I can't recommend downloading, let alone playing this game in its current state. This game has been abandoned by Valve, it is overrun with aimbot cheaters/bots. The creators of these bots can/will doxx you if you decide to even go against them. Please leave a negative review of this game until the crisis is fixed. 

Please sign the Petition at save.tf

#FixTF2 #SaveTF2

",False,126981,1717434645,-0.9154,negative
166604851,440,in 5 years we have had 1 ban wave of bots and thats it times things change and the effort i put into trying to kick cheaters has more of a permanent memory than playing a great game.,False,151113,1717434623,-0.1531,negative
166604526,440,"Played this game since 2007 and it sucks that Valve doesn't care about it anymore. I don't mind as the community carries this game but holy shit, Valve has refused to do anything major regarding the botting problem FOR THE PAST 6 YEARS. I understand games come and go but holy shit if people are still playing your game, AT MINIMUM ADD A WORKING ANTI CHEAT!!! Valve is a multi billion dollar company but absolutely refuse to do ANYTHING significant to this game simply because it either ""doesn't make enough money"" or ""isn't as popular as dota or CS"" 

If this is how multiplayer Valve games are going to be treated from now on, I'd rather just not buy  them since Valve won't do shit about hackers or bots (looking at you CS2)",False,156455,1717434340,-0.9897,negative
166604491,440,"When Valve is actually doing their job and keeping this game bot and hacker free, it's the most fun you can have in a first person shooter.",True,98927,1717434315,0.7841,positive
166604486,440,"Been playing this game since 2007 on the xbox 360.  I love this game, still love this game but playing in casual servers and seeing bots everytime kills the wind in my sails everytime.

Community servers are great and all but sometimes I just wanna do a quick match with rando's, have fun and get out.

Will reverse review if Valve actually does something more significant than just acknowledging the issue but until then I can't in good conscious recommend this game to anyone, even with community servers being probably the best way to play the game anyway (and always has been).

Fix this bot/cheater problem, Valve.  Please.",False,67485,1717434312,0.9786,positive
166603776,440,Hop on this game while you can. There are no more cheater bots for now!,True,43708,1717433646,-0.7419,negative
166603644,440," Official servers are unplayable for like 5 years because of bot waves. Valve please just either fix your game or tell us outright you don't give a shit

Edit: As of 05.06 the bots now not only cheat but also advertise CP (Child P*rn)",False,11536,1717433519,0.6251,positive
166602394,440,"Since my prior review on June 3rd, Team Fortress 2 has now become playable on a more acceptable level, as certain actors have been game-banned. Following this, I change my review to recommend this game to those unsure of installing this game. However, I still will change my review on quick notice should the game fall into an unacceptable state again. Also, my main complaint right now is some critical game features are still locked behind a 'premium paywall' in official servers. I think that at minimum, these should be acknowledged for change so that players who do not want to fork up to 5$ do not thing they need to pay to win. (example: you can NOT inform teammates if a SPY is near, or if you need the attention of a MEDIC!

#UnsilenceFree2Players

(Also, The Sun is Leaking)",True,294781,1717432312,0.2876,positive
166601387,440,"Team Fortress 2 is a great game, but the problems plaguing the game for the last 2+ YEARS simply make it unplayable.
Every lobby is infested with Bots and Cheaters. The game has become unplayable.

Until Valve fixes their game and makes sure that the Anti-Cheat works I will be keeping my review on negative.
If you'd like to raise awareness please sign the petition on save[dot]tf
#FixTF2",False,6550,1717431317,-0.3818,negative
166600692,440,"been playing this game since 2020. and i gotta say, ever since the bots have been banned. this is the greatest video game of all time.",True,87934,1717430629,0.4588,positive
166600531,440,"This game is a goddamn shitshow

It's incredibly fun, and only real casual shooter without any stakes out there, and it's a masterpiece in game design, but JESUS CHRIST!!! It's barely playable due to how low the real number of players are, and how many CHEATING BOTS AND CHEATERS there are, due to VAC being pointless and Valve doing jack, besides crippling F2P and doing nothing (again)

Until the problems are fixed, don't even try it. It's not worth it. Don't even think about downloading it until Valve finally wakes up, which is unlikely. Just... Forget about playing tf2.

#FixTF2",False,172344,1717430459,-0.9554,negative
166600417,440,"Haven't encountered any bots in a long while, maybe a closet cheater or two every ~20 games or so, thank you Valve.

A classic that goes on strong. It might not have major updates, but the community makes sure to pour its love to keep the game alive and fun (especially thanks to the fact that they now can add VScript for future official gamemodes!). Never stop everyone",True,209552,1717430344,0.9779,positive
166600034,440,"Honestly one of the best games I have ever played, however in its current state it is unplayable unless using a community server. Due to rampant cheating bots that kill you instantly. Meanwhile still releasing cosmetics for real money, while not fixing any actual issues. Valve used to be at the forefront of gaming innovation, but now are content to sit and watch the masterpieces that allowed them to build this game platform either abandoned to collect dust, or rot to misuse",False,65738,1717429972,0.4019,positive
166598832,440,"UPDATE: Looks like Valve is finally taking action and rolling out some pretty huge ban waves, putting a massive dent in the aimbot population. Love to see it! Time will tell if Valve will continue addressing the problem in the future, but for now I'm just going to enjoy this victory. See you all at 2fort 👋

Original Review:

I love this game. Through all its ups and downs over the years, it's remained a big comfort game for me. I may not play it super consistently these days, but I always had a good time whenever I decided to get back into it for a little while. Can't really do that with aimbots flooding all the servers though.

Valve, please fix TF2, I'm begging you. I want to play funny pootis game again",True,35622,1717428786,0.973,positive
166598490,440,"I love this game but I can not recommend it in it's current state. 
The game is rife with bots, some showing/typing/screaming incredibley offensive content, including: racist remarks, pornography and child porn. Most just cheating with auto aim and such, mass kicking of players from servers and just generally making the game unplayable. 

Valve has left this game alone and unsupported for far too long.  #SaveTF2",False,13785,1717428411,-0.9717,negative
166597847,440,"I've played Team Fortress 2 on and off ever since I bought the game about two weeks before it went free to play back in 2011 and it was honestly a blast. Take note of the usage of the past tense in this sentence. I cannot in good conscience recommend Team Fortress 2 to anyone in the state that it has been in anymore.

The game has been in a basically unplayable state for at least half a decade now due do Valve's negligence in letting bots run free. Botting accounts have never been a good thing but the surge in automated aimbots in particular flooding and shutting down Casual lobbies is the worst thing to plague Team Fortress 2 since the Meet Your Match update.

Sure, maybe us expecting them to fix their 17 year old game might be asking much, but is it really that unreasonable considering Valve are still profiting off Mann.Co store sales even while aimbots have been ruining official Valve servers for years? What the fuck even is a VAC? That's not an anti-cheat system, it's merely a suggestion that cheaters never took to begin with!

The company is downright complicit in the decay of this once great game too, considering they are actively profiting off each botted account because they are all too happy to buy something from the game's digital storefront to circumvent the inability to use communication features - a limitation Valve put out as a bandaid fix to ""deal"" with the bot crisis in the first place. Real F2P players can't even call out for a Medic in the game without making a purchase! The only people you hurt are real players - and maybe the one bothoster who hasn't figured out how to scam people out of Steam giftcards to feed their bot accounts with the funds to buy themselves the privilege of spamming the voice- and textchat.

To prevent myself for getting too long winded, I'll just pitch into the pile of unfavorable reviews. We may not get our funny shooty game back, even with this last stand of a protest but I'll be damned if I don't leave a mark and expose Valve for their shitty practices at least. Valve aren't game devs anymore, they're just shilling games through Steam and sell virtual hats that you they don't even make themselves.

tl;dr: #FixTF2 , at least give us an actually functioning anti-cheat Jesus Christ, Gabe",False,140667,1717427791,-0.985,negative
166597091,440,"Easily one of the best shooter games ever produced, completely abandoned by Valve and overrun by cheating bots. It's basically impossible for a casual server to remain bot free for more than a couple minutes and every hour or so the server will just get completely overrun, forcing you to jump to a new server, which will likely still be bot-infested. Don't play unless valve decides to actually #fixTF2.",False,118811,1717427049,0.4159,positive
166596929,440,"With over 3500 hours in this game (Through this and one other account), I can conclusively say that Team Fortress 2 is a fun video game. But it also isn't. Playing the ""Casual"" game mode in Team Fortress 2 (As of the making of this review) has been almost unplayable for the past 4 YEARS. Casual after the ""Meet your Match"" update changed the way queuing into a match worked, which has now become its own chore:

1. Que for a match.
2. Find out the server is stacked with bots.
3. Leave
4. Repeat

  Seldom are you able to find a game that does not have at least one of these match ruining bots. If you are looking for a fun time, your only option at this point is the community server browser, the same one that valve decided to remove the spotlight from in favor of the ""Official Valve Casual Mode"". Casual mode has no moderation or anti-cheat, community servers have both of these things but you sadly can't level up your (completely useless by the way, no reward/incentive) rank badge. The bad thing about community servers however, is that if you don't like curtain maps, too bad. Most servers have a set map rotation that might altogether exclude a map you may want to play over others. Casual allows for more control over this, however, like mentioned above, it is unplayable.

  I would not recommend this game that I love to anyone who doesn't have a screw lose in their head.",False,226019,1717426899,-0.7097,negative
166595859,440,"Until Valve can fix the bot problems and implement a better version of VAC for TF2, do not play this game #FixTF2a",False,18443,1717425780,-0.211,negative
166595450,440,"[h1]Fix Team Fortress 2[/h1]

The amount of cheating bots makes this game unplayable. No major updates since The Jungle Inferno which was in 2017. All of the recent ""content"" is being created only by the community. Can't recommend an game made by developers who don't care about it. Vac Anticheat is not working which is an cause of not only the Bots appearing but other Cheaters too. I would definetly recommend this game if not this whole ""Bot Crisis"" which makes this game unplayable.

Fix your game Valve.",False,88584,1717425395,-0.9512,negative
166594815,440,Game needs a proper anti-cheat and to address the bot problems.,False,84474,1717424773,-0.4019,negative
166593687,440,"Team Fortress 2 is my single most loved game and seeing how Valve has been treating it for the past (and I am lowballing it) 5 years is disheartening. Casual servers filled with aim bots and all other sorts of cheating bots, rendering theses matches unplayable. Not to mention all the racial slurs and other types of offensive content put forth by these bots turn what used to be a game that someone would play to clear their head into an extremely toxic environment.

People have made videos on this subject to no avail and concluded that there are tens of thousands of bots in TF2, inflating the player count and making the game not only seemingly healthy, but also thriving, which is extremely far from the truth.

Wether or not #FixTF2/#SaveTF2 works, I will probably still play this game, simply because it has been a part of my life for the past 10 years and I will keep chasing the fond memories I have of my time playing TF2, even though I will most likely never be able to feel the joy and peace that I used to feel back in the days.

As is, I cannot recommend this game to new players.",False,177572,1717423601,0.959,positive
166593665,440,"Valve has neglected this game, there are bots everywhere! there isn't even a functioning anti-cheat! I love this game but It has too many bots.",False,7059,1717423575,0.2462,positive
166593165,440,"Cheating aimbots have been making Casual unplayable for years. 

TF2 is a wonderful game loved by many that has been terribly mistreated by its own developers for way more than acceptable. Valve, do something.

#FixTF2 #SaveTF2",False,58575,1717423037,0.5829,positive
166592004,440,"This game has been abandoned and allowed to rot for half of a decade now while bot hosters make the game virtually unplayable through mass deployment of aimbots. Not even a coordinated attempt by most of the community to make Valve fix their useless and outdated anti-cheat system resulted in anything more than a single tweet offering thoughts and prayers.

This game may be free to play, but in its current state I'd still call it a waste of your money.

To this day I still find it downright absurd that such an iconic and timeless game has been left to decay for so long.",False,44659,1717421673,-0.8074,negative
166591029,440,"#FixTF2
This game is a phenomenal masterclass in FPS game design and player expression, but it has been rendered unplayable by a small group of bot hosters who queue for Casual and aimbot every human player on the server while voice-spamming the most vile of hate speech and AI-generated slander. Valve is a $9 billion company and can absolutely afford to hire some contractors to dedicate to a meaningful, long-term solution - ""treadmill work"" my ass. But beyond a single tweet and gagging F2Ps, Valve have done effectively nothing.
Remember - all the hacking, doxxing, and swatting is done with the passive endorsement of Valve. The same is currently happening to CS2, and will happen to Deadlock once Valve gets bored of it too.",False,174213,1717420464,-0.8375,negative
166590753,440,"Listen, this is one of my absolute favourite games of all time. I've started playing it in october 2020, and immedietaly fallen in love with it. The weapons, the movement and of course the charecters, oh the charecters, all of them are an absolute masterclass in design. Their personality, dialogoue, the amazing story of this game, and of course the gameplay (yes even the sniper, shut up about .2 seconds). Is it perfect? No. Is it close to perfect? No. It's source code is an absolute disaster, some weapons are so good, that their is no reason to use anything else, and others are so bad that I don't even know how any tester, said ""Yeah it's fine"". But what game is perfect? What movie, book, TV series, or anything is perfect? So why am I  giving it a negative review? Simple the main way of playing the game for most people is quite literally unplayable in some regions, or at specific time. Cheater bots are so prevelant, that some people did their math, and apparently 1/8 people playing the game on official servers are cheating bots, and around 70% of all people in-game, are bots, farming free items. I've checked the player numbers right now, and the numbers are around 80,000 in-game, so around 56,000 of this 80,000 are bots. That's unacceptable behaviour for a multi-billion dollar company VALVe. You know the guys who made steam, and make 7 fartbillions per second from it. So don't say to me that they don't have the money, or the resources to fix it. Seeing this game in such a bad state is a waste. There's no other game like TF2. Valve pls fix this damn game.",False,77657,1717420099,-0.9144,negative
166585067,440,"Technically an absolutely fantastic game and easily one of my all time favorites, HOWEVER sadly Valve (a company valued at 7.7 billion $ in 2022) apparently cannot do anything against a few losers living in their mothers addicts, who decided to ensure that nobody else is allowed to have fun and enjoy this game anymore by unleashing thousands of cheating bots into the games most popular game modes.
Oh and if you do call them out for this online these botters will feel insulted to the point of doxxing you and even trying to get you killed via swatting.
Too bad that poor poor Valve just can't do anything at all against those people and have to just sit by and watch their customers get harassed and threatened by this untouchable shadowy organization of cheating losers.
So while good community servers can still be great fun (if they aren't all full already) the normal base game is sadly close to unplayable in 2024 so I can't recommend new players to try this game out despite it being one of my favorite games.
So Valve, please #FixTF2 !!!",False,7929,1717411116,-0.8187,negative
166582743,440,"Team Fortress 2 represents many firsts for me. It was my first 3D first-person shooter, it was my first non-Flash game, it was my first PvP game, and it was my first Steam game. I remember bragging about getting the Gibus to my friends at school, and even became indebted to a classmate so I could get a Steam card in order to buy hats. I don't think I ever finished paying that debt off.

I don't play this game much anymore - my tastes in gaming have moved on from PvP first-person shooters. However, the culture surrounding Team Fortress 2 is much more than just the people playing the game. The memes, the animations both serious and silly, the YouTube community, the voice actors, and every single kid that put ragdolls into crude poses in Garry's Mod because they were bored. This is what keeps me around.

Game companies everywhere would give their figurative left nuts to have a property that continues to remain pervasive in not just gaming culture, but Internet culture as a whole, even a decade and a half after it's released. And what does Valve do with this unique blessing?

Nothing. Or, at least, close to nothing.

Surely you've heard about the state the game is in. No major updates in years. Cheating bot accounts ruining games. Promises made, but not kept.

It's not like Valve doesn't care at all. They have indeed made some mid-sized updates ever since the original #SaveTF2 campaign, and have even modified the game to take advantage of modern 64-bit hardware. But there still seems to be a collective unwillingness at Valve to sit down, put their heads together, and finally tackle the fundamental problems that have been plaguing the game for close to 33% of its illustrious lifespan.

I know about Valve’s unique organizational structure that discourages people from working on old, unpopular projects. I know about the messy, disorganized state the game is in under the hood. I know about the constant arms race that cheat creators and cheat detectors are in, a race in which silence is often justified.

But it’s still not an excuse to do so little in such a large span of time.

We don’t even want major updates anymore. Those can wait. We just want something, anything, to remove the near-constant threat of bots that ruin games for novice and veteran players alike. Something that isn’t a band-aid solution, like the silencing of F2P accounts was. Something actually concrete. And if you have been working on something, then tell us. Break the silence.

It’s not a matter of resources – Valve has some of the most talented people in the whole industry, and a near–unlimited source of income from Steam. Even if no one at Valve wants to touch the game, or VAC, with a ten foot pole, surely somebody can be paid to do so.

It’s not even just TF2 anymore – recently even Counter-Strike 2 has been seeing an influx of cheating bots that has caused an outcry from their community and their content creators. It is in Valve’s best interest to fix the issues that affect two of their most popular IPs.

At this point, doing nothing would be Valve shooting themselves in the foot. Sure, they could just sit back and let the cash roll in while leaving one, or even two, of their most popular games to the wolves. They could do that. But what would it cost them? Their reputation of one of the greatest game developers of all time. A game that continues to maintain a stable, if smaller than previously thought, player base despite all the problems that plague it. And finally, a dedicated community that wants nothing more than to see their favorite game rise from the ashes of neglect and abuse.

Valve, do something.

#FixTF2

26/08/24 Edit: Things have indeed changed for the better, but this review is remaining negative until it's clear that more permanent measures are going to be put into place. Still, good on you, Valve.

19/09/24 Edit: With recent good news, I feel confident in switching my review to Positive. Give the game a go if you somehow stumble upon this review. There's no better time than now.
",True,52753,1717406986,0.7127,positive
166576704,440,Valve has neglected support for this game to the point of unplayability due to the lack of a functional anti cheat system,False,32463,1717394907,-0.8074,negative
166495340,440,"------------EDIT AS OF JULY 1ST 2024------------
Valve has actually taken action against various bots and bot hosters, banning and restricting their accounts. Roughly 16k bots have been banned from TF2 or had their accounts deleted outright, by a rough measure by the community.

I am thoroughly surprised and happy that Valve is actually taking measures to get rid of bots.
Though, I won't kid myself into thinking that Save/FixTF2 had anything to do with this. This was most likely a ban wave that was months (more likely years) in the making, far removed from the Save/FixTF2 movement. Not to say that the movement didn't do anything at all, but this large of a ban wave and such a thorough response is not something that could happen within a months time.

I want to say thank you to Valve for doing this for such an old and hard to work on game and I'm finally glad we have real action instead of hollow words. There is certainly more work to be done, but this is a fantastic step in the right direction.

I am going to keep my original review up and readable below, however I will be changing my review recommendation to be positive.

------------ORIGINAL NEGATIVE REVIEW BELOW------------
A real shame that Valve seems to be, (from an outsider's perspective), unwilling to address the rampant bot infestation in any significant manner. Bot hosters do more than just ruin casual/competitive games with bots, they are willing to DDOS, SWAT, doxx, and slander anyone willing to stand in their way. (Megascatterbomb being a prime example). 

I highly doubt a negative review will do much, but I love this game too much to stay silent and allow it to be essentially gutted by bad actors while Valve seemingly sits idly by. These horrible people must be stopped and only Valve can do so.

Fix your game, Valve. I won't be spending a cent until real, significant action is taken to stop these bots. You're the most successful video game digital distribution service currently, use some of that money to stop these hosters and bots.",True,169378,1717286130,-0.8966,negative
166490797,440,"UPDATE: Valve has taken some first steps toward addressing the bot issue. Will change review if they maintain a long-term fix.


Our beloved game is in an embarrassing state right now. I am an oldschool player from 2008/2011 and it’s just sad to see the servers infested with cheating aimbots. 

I think it is unacceptable to have this game monetized at all considering its current condition.

Valve, please allocate some of your budget to additional support staff for this game, or at least contractors who will remediate some of the major issues.",False,94705,1717279875,-0.6124,negative
166489026,440,Cheating bots ruining games.#FixTF2,False,52807,1717277648,-0.6808,negative
166486813,440,"Mhh, is nice.
-Heavy Weapons Guy (as of 31/05/2024)


It would be true, if it wasn't for Valve absolute NEGLIGENCE thowards it. Casual is infested by sniping bots and cheaters and it's nowdays unplayable. Hoping one day it will be properly fixed. 

#FixTF2 #SaveTF2 (as of 01/06/2024)


Alright so, a coupple of months has passed and we have seen sign of improvement, there were huge ban-waves of bots and cheaters (most of them were banned mutiple times, after trying to rejoin via alt-accounts) that made casual playable. We have also recived a nice summer update, with some necessary patches, good looking maps and a solid cosmetic chase. These are all very encouraging signs, the future of this splendid game is a little less uncertain, let's hope for the better. (as of 19/08/2024)",True,151485,1717275061,0.975,positive
166468242,440,Game is suffering unacceptable neglect and is often unplayable due to cheating bots.,False,248947,1717255717,-0.9136,negative
166462563,440,Bots are currently banned and this excellent game is playable once again. As along as Valve continues banning new bots then this game will remain a strong recommendation to play.,True,91620,1717250092,0.7506,positive
166435293,440,"Imagine making millions of dollars off your bot-infested game and not using any of it to properly maintain the game or make an actual anti-cheat. Imagine. Jesus valve, fix your game. #FixTF2",False,65066,1717211530,0.0,neutral
166432235,440,cant play the game because of cheater bots. not only do they instantly headshot you as sniper but will also vote kick you out of lobby's.,False,129716,1717207076,-0.4153,negative
166391253,440,"been playing since 2016 and even earlier on the orangebox and its awful to see what the games come to, i hope valve does something to fix the bots/cheating problem but i doubt it.
#fixtf2",False,125631,1717157141,-0.5789,negative
166386562,440,"There are Cheater bots making the game not playable and has not been fix in nearly 5 years. 
Valve please fix.",True,35799,1717150203,-0.296,negative
166313743,440,"Tentative upvote as Valve has done a bot ban-wave. If it's maintained all is good, the movement worked.

if not this review goes right back to being negative.",True,15797,1717039028,-0.2023,negative
166294882,440,"[h1]ATTENTION, MAGGOTS! TF2 IS BACK IN ACTION ![/h1]

Valve has FINALLY banned those damn bots and rolled out a glorious update. The battlefield is clear, and the community is fired up! About time, Valve! Let's keep this war machine rolling! 

Move out, lads !

#FixTF2 #SaveTF2",True,21522,1717011267,-0.8977,negative
166172642,440,"The game is overrun with cheating and idling bots.
Valve pls fix

#FixTF2",False,20307,1716831550,-0.5106,negative
166156338,440,"Good work valve .
Thanks for healing our beloved game .

==============================
========= OLD REVIEW =========

Valve , please #FixTF2 .
The cheating problem is way beyond normal .
If you don't want to spend time on continuous anticheat development , at least develop a set of tools for the community to moderate Casual servers .
Do at least something for a game that you still own and that gets new microtransactions yearly !

TF2 is not dying , it is being murdered .
And the murderers are not just a hosters of malicious bots , but also careless Valve themselves .

This bot crisis is particularly painful for me because i love the Sniper class and i love playing against him as a Spy . Most of the maps in TF2 have a great design that makes them really interesting to play as both classes . But with the cheaters/aimbots it feels awful to to play as a Sniper , because you feel like you are salting the wound of enemy team even more . As for the Spy , you just can't play if there is even one aimbot on the enemy team - it will just instakill you , even when you are invisible/disguised , wich nullified the whole gimmicks of the class .
Both Sniper and Spy balanced around human imperfection , and thus they suffer from cheaters/aimbots even more than other classes .",True,42266,1716811727,0.545,positive
166155187,440,"Love this game, grew up with this game, have sunk a combined 3,200 hours into it over 11 years and spent a pretty penny on it too

-
As it currently stands, thanks to Valve's neglect, the game is nigh unplayable 80 to 90% of the time on the official (Valve) servers, with the exception of the PVE modes, one of which takes $0.99 USD tickets each successful run.

This is due to an epidemic of cheating BOTS who disrupt gameplay in various ways, mainly as Sniper insta-killing players, although other classes are not uncommon
They will also spam voice chat with disruptive audio, flood text chat, mimic and kick actual players, and join as a group making it incredibly difficult to kick them if not jumped on by actual players before they gain a majority

The official anti-cheat (VAC) isn't stopping them and ANY player can see this by jumping into a few matches.

In the event you can find a playable match on an official server, it will be commonplace to have to call vote kicks on these BOTS left and right for the duration of the entire match as new ones join.

We need consistent action and effort from VALVE to SOLVE the BOT problem.

-
Valve has made band aid fixes over the years to help address this issue including the removal of the ability of Free-to-Play players to communicate in game, not even able to use in game voice commands to call for a healer, but none have fixed the problem for any significant amount of time since this requires support that we're simply not getting.

We've been 5 years from the last major content update that wasn't community created in-game cosmetics (which Valve profits heavily from) and poorly tested community created maps, or some bug fixes every blue moon.

The code for the majority of these bots is publicly available, which is why community anti-cheat programs work on their servers, getting rid of them is perfectly doable, it's only through lack of care and effort that they exist on Valve servers still, after many years.

This is how Valve rewards loyal players and customers for their continued support over the game's 16 years, with cosmetic lootboxes three times a year while their servers that you get queued to by pressing the giant ""PLAY NOW"" button are unplayable outside of peak hours and with vigilant players (even then it's not uncommon to be kicked by a bot or mistaken for one).
-

That being said, TF2 is a beautiful game underneath being unfortunately killed by neglect and bad actors, fantastic if you can find (one of the many) community run servers that meets your needs or the rare unbotted official server.

I will not be giving the game ANY financial support until Valve stops their neglect and FIXES THE BOTS as their product they are monetizing is almost unusable on most of their servers and I know several people are doing the same.

-
Respectably, 
FIX YOUR GAME OR LOSE YOUR PLAYERS AND THEIR INCOME
AND DON'T BE SURPRISED IF YOUR OTHER CUSTOMERS TAKE NOTICE",False,165067,1716809851,0.949,positive
166137787,440,"Edit: Match making changes sucked

it's crazy that because I live in Australia I'm pretty much locked out of playing casual for 18 hours of the day, then when peak time comes around I still have to sift through multiple casual ques to find a playable game AND when I finally get one there's probably some guy who's been cheating for over a year in there. I hope that when all the loud mouth americans and cuddle boxed euro players start seeing a player decline and have their game further ruined they'll take off their pyrovision goggles and accept the game is dead and dad isn't coming home. Thank you for coming to my tedtalk.",False,213159,1716775970,-0.7514,negative
166134252,440,"i only keep this game for SFM stuff otherwise the game has showed little improvement. sure a butt ton of the cheaters and bots are gone but that really doesn't matter when all you have left is empty servers that quickly get overwhelmed by ether new players who never played tf2 and have no idea what they are doing and the continuing existence of cheaters who found loopholes around the ban wave
",False,57779,1716770232,-0.9443,negative
166120818,440,"[strike]The game itself is not bad, but it still has the cheater-bot and idle-bot related issues.[/strike]

Nevermind, bots are gone. For now.",True,25296,1716751625,0.2323,positive
166119802,440,"[Edit] after returning and try the game after almost a year of not playing the game has gotten so much better, while its still the quartley updates things are looking a bit brighter now that bots are gone and a problem of the past, the devs have expressed that they want to work on tf2 again when they can and i hope they own up to that statement at some point.


its a timeless masterpiece, i grew up loving and treasuring this game hell i even wanted to be a tf2 youtuber and even tried. but with each and every day for the last few years this game has been plagued with hacker and idle bots that devastate the player-base, the people who host the bots claim they are going to get valve to update tf2 and that they will ""save the game"" when valve will not do anything and has grown lazy and apathetic, instead of being reasonable people and caring about the community they instead do heinous shit like doxxing critics, swatting, calling in bomb threats, ddos attacks, extortion. the people who do this act like degenerate filth with tons of evidence against them. they have made the game unplayable and there is no casual match without bots, savetf2 looked like an initial victory until valve did nothing but add workshop content and butcher free to plays. this game is 17 years old and while i dont expect frequent updates i wish valve would commit to doing 1 big update(with guns, hats, rebalances, maps, missions, etc) a year and the seasonal stuff like scream fortress and all that. but we all know that wont happen its been 2410 days since jungle inferno aka the last hand crafted valve update before the workshop took over as the content providers. this game is my childhood and to see valve ignore and let it rot the way they do actually hurts, not to mention csgo source 2 is going through a bot crisis as well, and now with deadlock about to release im really on the fence with valve overall i cant hate the game since its not out yet but damn does it look like another valorant/overwatch copy and paste slop type of game.

please valve fix your damn games that made you great in the first place.",True,72002,1716750562,0.4837,positive
165853564,440,"I took prolonged breaks from TF2 multiple times but I always find myself coming right back. There is nothing like this game, the humour, the atmosphere, the community. It is an immortal masterpiece. Despite all of its flaws it's still The experience to gain. The sheer fun you can get from playing TF2 is incredible, the age of the game combined with player count speak for themselves. 

Sure there are dated balance issues and some questionable game design choices, but it honestly only adds to the experience. There are very few outright infuriating and unfair matchups one can fing themself in while playing. The answer is always there and  experience in the game always holds the key to winning (minus RNG, of course). There are 9 classes with dozens of playstyles spread across them, there should be something for everyone. For Gods sake, if you despise PvP you can go full pootis throwing sandviches to friend and foe alike or just chill out in friendly community servers, some of which reach VRchat levels of weird interactions.

I decided to write this ""review"" after recent reality check by Zesty Jesus. Valve, for the love of us all, do something about the bot crisis. It's not about the economy (which is screwed by thousands of tradebots), it's not about the player count (which has actually plummeted back in 2020), it's about reputation. People love this game and many veterans would come back despite the (honestly horrible) MYM matchmaking, refined inflation and other stuff. 
Just a nice big ol' update and a ban wave against bots and it could really start shining again, break the charts and take its place under the sun. I want more people to play this game, to learn what I have started learning more than 10 years ago. Come on, you can even make a new Hired Badge with a supposed update to really distinguish those who stayed with the game in its second Darkest Hour. 

Let's stay strong and hope for the best, like we always have.

If you want to try this game - do it. If you like it - invest in some keys from in-game store and buy a couple of cosmetics. A key is $2.49 and three of them are basically the price of full experience. Yeah, with recent free-to-play voice chat limitations five (yes) bucks have semi-officially become the price tag of the game. Or pick up an Orange Box bundle for all Valve classics included. 
There is a ridiculous amount of really cheap infamous hats, those three keys should be enough to outfit all of your favourite mercs with something stylish. And Style is the second name of TF2.

#SaveTF2 take 2",True,72176,1716385676,0.9885,positive
165808776,440,"i love this game to bits as its such a good idea mixed with good execution yet they are leaving it to decay and fester with people ruining the game with bots i wish they would update it,as it is one of my all time favourites as it is to many people who play this game regularly either for the game its self or for the fun moments that come with playing this game,I hope valve starts to update it again but as it has been since the last major update jungle inferno that is extremely unlikely but alot of people including me hold out hope that tf2 will be updated again,and return back to the glory it once had before the botting crisis and before more people started to hack it hurts to see such a good game fall from grace because the game studios decided it wasnt worth it to update it.",False,63515,1716316149,0.9267,positive
165381822,440,"This game is a sad shell of it's former self, and after playing today have thoroughly remembered why I've stopped playing for so long. Casual is full of cheating bots, so I try to join a community server. Didn't want to play one of the hundreds of 24/7 RTD 2fort/hightower servers, so I tried looking for a vanilla game. Remembered how fun Uncletopia was, and thought that would be the best way to enjoy the game. Turned on Spotify with some fun music, joined into a match of Frontier, picked Scout, and tried to get back into it. I was bottom of the scoreboard, but we won the defense. Felt like the fun was returning. Then after we switch maps, I find out I was kicked for supposed cheating, after only a few minutes of terrible scout gameplay. Now I can't find any enjoyable vanilla tf2 server, and now I won't return to this game. Don't trust the player count, only 20k real people play nowadays. Find something else to play, and fuck Valve.",False,26254,1715736430,-0.7527,negative
165245337,440,"Though I love this game and it was the reason why I have this Steam account, I can't recommend for one simple reason: VAC being an asshole to Linux players who are legit who can get VAC banned just cos the system thinks you have a program that's blocking the anti-cheat (while you have the cheater galore running wild and free despite the hundreds of reports in-game and on the same Steam platform that you can fill in).

The game is unique in the sense that nothing I've played has ever felt the same. The characters, music, maps, weapons, community... it's such a little gem that I'll still have in my heart because it's such an amazing and random game at times.

But how VALVE and Steam don't seem to care for their customer's fun nor legality (where cheaters can cheat, no matter the game, and neither the platform nor the company will do anything to stop them, and kicking those who are legit cos of ""reasons"") is beyond me.

If you're a Windows player, I do encourage you to play it and get the gist of what many of us have enjoyed over many, many years. But I do warn you that reporting those who are there to ruin your fun through cheats or DDOSing official servers through bots is pointless, and to those Linux players be aware that the system gets triggered by something I haven-t yet figured, but for the time being, I'll leave it at that.",False,148549,1715546812,0.1012,positive
165199540,440,"Valve does not care about this game, it is consumed by aimbot sniper bots that make the game unplayable. Waste of a good game",False,20177,1715499603,-0.367,negative
164918661,440,"Well, they banned all the bots, thanks you valve, we appreciate that a lot, now we need an update for us to be happier<3",True,32849,1715177110,0.5719,positive
164718891,440,vac,True,3018,1715009473,0.0,neutral
164394533,440,"I started this game accidentally and decided to go through the developer commentary for old time's sake. I listened to the old valve's choices for a bit and studied the models for the game for a bit to see some good designs for 3D models. After thinking a bit, it's saddens me to see how far this game has fallen. 

I grew up with this game. It was one of many what made me choose PC for gaming as I wasn't limited by BS things like online subscriptions and forced controller use. I played so far back that I even got the Cheater's lament. I miss that hat as I was using my dad's account. Racked up a lot of hours and memories. 

Now, I see that TF2 is plagued with bots, both idle and cheater bots that valve refuses to do something about. Items are balanced for competitive, even though the game was never designed to be competitive but a fun silly shooter that has an achievement where you cause a person to rage quit. And doesn't help that the community is far too passive to say no to terrible ideas and seems to be nothing but redditors at times. Though that seems to be the internet as a whole at times.

The more I see this game's current state, as well as a lot of games and media as a whole, the more I want to make something better to replace this garbage we are all getting. We all work hard for our cash, and we should get the best. Even if it is free. 

Valve, what happened? You guys used to be a beacon of good game creators that anyone could use to understand what works. But now, you are no different to the other developers and publishers that hate their own user base and only put out the bare minimum at best. Sad. I can not wait for the day when people form new teams to replace the old companies and say no to the terrible practices and ideas like DEI and loot boxes.

Oh, and to add on to this review, a message to everyone else. Don't rely on ""fixtf2."" It's ran by ecelebs and redditors that never liked TF2. Take a look at Uncle Dane's servers and the class limits on it. The only ones who can fix TF2 is Valve themselves. It's not up to us to deal the bot hosters. Valve is currently being lazy bums and trend chasers and not utilizing the fact that the bot hosters have committed actual crimes that they could easily get government help no problem. 

Instead of ""fixTF2,"" I like Gabber's suggestion of ""Bringbackquickplay."" These bots only arrived when matchmaking was introduced, as it automated joining of games. In the meantime, I recommend playing vanilla community servers and do not spend any cash on this game.",False,51816,1714869233,-0.1279,negative
163956461,440,"Fix your anti-cheat, Valve!",False,85472,1714530483,0.0,neutral
163370800,440,"This is my favourite game of all time.

But my review will remain negative until the bot crisis is FULLY dealt with. No half-arsed gestures or short lived ban waves, TF2 needs to truly be fixed.",False,38837,1713778955,-0.958,negative
163194606,440,"This is the cycle of every Team Fortress 2 player ever:

> Download the game.
> Enter your first match.
> Realize you don't know what you're doing.
> Die repeatedly.
> Just before you rage, you find the Ghastly Gibus hat.
> Since all the pro players have cool-looking hats, you are inspired.
> Die repeatedly in different game modes.
> Discover that you are getting a lot of kills as Pyro.
> Be mentally violated by other players calling you a ""f2p gibus pyro"".
> Get slightly better at the game.
> Die repeatedly.
> Leave the game.

*6 months later.*

> Start to discover TF2 videos on YouTube.
> Realize that there are more classes than just Pyro and Sniper.
> End up wanting to be a pro non-Pyro like all the cool YouTubers.
> Return to Team Fortress 2.
> Die repeatedly.
> Claim that you 'main' Pyro.
> Walk at people and light them on fire mindlessly for a few weeks. Or months.
> Start getting a good K/D ratio on a different class. (If it's Soldier, you can go die.)
> Succumb to peer-pressure and buy hats.
> Discover the Steam community market and buy more hats for less.
> Feel your skill strangely growing as you get more hats.
> More kills. Less deaths.
> You begin to discover the passive players of TF2. (Sandvich hoovies, spycrabs, box shpees, etc.)
> Develop a kindness and sense of friendship towards your fellow TF2 players.
> Start to top-score more often.
> You begin to care about the state of the game.
> Realize that Pyros are overpowered and pointless.
> Start to hate Pyros.
> Start to hate everyone.
> Start to hate the TF2 community.
> You hate everything and everyone, to the point where you start to kill passive players again.
> Ask yourself, ""If I hate this game, why do I have ten unusuals and fifteen Australiums? What am I doing?""
> Look at your playtime and begin to hate yourself.
> You dislike yourself more than the game now.
> Contemplate suicide.
> Contemplate religion.
> Question the game.
> Binge-watch STAR_'s 2012-2013 TF2 videos to remind you of a simpler time.
> Sit down and think.
> Realize what you have become.
> Go into a mid-TF2 crisis.
> Except it's not mid-TF2 anymore. You have 1000 hours in-game.
> What is going on?
> WHAT IS TEAM FORTRESS 2?
> WHY DOES THE LIGHT LIE TO ME?
> Quit TF2 forever.
> Come back to it in a week and die to a gibus sniper who taunts after kill.
> Kill yourself.",True,1641,1713563956,-0.9966,negative
